ID_Pedido,Data_Pedido,Nome_Jogo,Categoria,Empresa,Plataforma,Preco_Unitario,Quantidade,ID_Cliente,Edicao_especial
1000,2026-01-01 09:00:00,Injustice 2,herois,NetherRealm,Xbox,228.9,2,136,True
1001,2026-01-01 10:00:00,Mortal Kombat 1,violento,NetherRealm,Xbox,249.9,1,101,False
1002,2026-01-01 20:00:00,Tekken 7,3D,Namco,Playstation,245.41,1,126,True
1003,2026-01-01 06:00:00,Tekken 8,3D,Namco,Playstation,225.79,1,120,False
1004,2026-01-01 07:00:00,Tekken 7,3D,Namco,Xbox,245.41,2,137,True
1005,2026-01-02 00:00:00,Injustice Gods Among Us,herois,NetherRealm,Xbox,89.9,2,114,False
1006,2026-01-02 20:00:00,Injustice Gods Among Us,herois,NetherRealm,PC,125.86,1,145,True
1007,2026-01-02 00:00:00,Street Fighter IV,arcade,Capcom,Xbox,69.5,2,130,False
1008,2026-01-02 06:00:00,Tekken 7,3D,Namco,Playstation,175.29,1,133,False
1009,2026-01-02 09:00:00,Mortal Kombat X,violento,NetherRealm,Xbox,139.86,2,111,True
1010,2026-01-03 02:00:00,Marvel vs Capcom Infinite,herois,Capcom,Playstation,199.99,2,126,False
1011,2026-01-03 02:00:00,Injustice Gods Among Us,herois,NetherRealm,PC,89.9,2,139,False
1012,2026-01-03 05:00:00,Mortal Kombat X,violento,NetherRealm,Xbox,99.9,2,137,False
1013,2026-01-03 02:00:00,Injustice 2,herois,NetherRealm,Xbox,228.9,2,141,True
1014,2026-01-03 07:00:00,Injustice 2,herois,NetherRealm,Playstation,163.5,1,120,False
1015,2026-01-04 14:00:00,Street Fighter VI,arcade,Capcom,Xbox,321.86,2,115,True
1016,2026-01-04 13:00:00,Mortal Kombat 11,violento,NetherRealm,Xbox,279.86,2,138,True
1017,2026-01-04 22:00:00,Mortal Kombat 1,violento,NetherRealm,Xbox,349.86,2,112,True
1018,2026-01-04 23:00:00,Street Fighter IV,arcade,Capcom,Playstation,69.5,2,103,False
1019,2026-01-04 17:00:00,Street Fighter V,arcade,Capcom,PC,181.58,1,102,True
1020,2026-01-05 12:00:00,Mortal Kombat X,violento,NetherRealm,PC,139.86,2,121,True
1021,2026-01-05 09:00:00,Street Fighter VI,arcade,Capcom,Playstation,321.86,2,110,True
1022,2026-01-05 16:00:00,Mortal Kombat X,violento,NetherRealm,Xbox,99.9,2,146,False
1023,2026-01-05 23:00:00,Injustice Gods Among Us,herois,NetherRealm,PC,89.9,1,113,False
1024,2026-01-05 18:00:00,Mortal Kombat 11,violento,NetherRealm,Xbox,199.9,1,106,False
1025,2026-01-06 03:00:00,Street Fighter IV,arcade,Capcom,Xbox,69.5,2,125,False
1026,2026-01-06 11:00:00,Street Fighter VI,arcade,Capcom,Xbox,229.9,2,102,False
1027,2026-01-06 08:00:00,Street Fighter V,arcade,Capcom,Xbox,129.7,1,124,False
1028,2026-01-06 07:00:00,Tekken 7,3D,Namco,Playstation,175.29,2,105,False
1029,2026-01-06 02:00:00,Street Fighter IV,arcade,Capcom,PC,97.3,2,110,True
1030,2026-01-07 05:00:00,Street Fighter IV,arcade,Capcom,PC,97.3,1,145,True
1031,2026-01-07 10:00:00,Injustice 2,herois,NetherRealm,PC,228.9,2,105,True
1032,2026-01-07 23:00:00,Tekken 8,3D,Namco,Xbox,316.11,1,129,True
1033,2026-01-07 22:00:00,Injustice Gods Among Us,herois,NetherRealm,Playstation,89.9,2,129,False
1034,2026-01-07 02:00:00,Injustice Gods Among Us,herois,NetherRealm,Playstation,89.9,2,113,False
1035,2026-01-08 15:00:00,Mortal Kombat 1,violento,NetherRealm,Playstation,349.86,1,114,True
1036,2026-01-08 16:00:00,Tekken 8,3D,Namco,PC,316.11,1,107,True
1037,2026-01-08 22:00:00,Mortal Kombat 11,violento,NetherRealm,PC,199.9,2,132,False
1038,2026-01-08 05:00:00,Street Fighter IV,arcade,Capcom,Xbox,97.3,2,141,True
1039,2026-01-08 17:00:00,Mortal Kombat 11,violento,NetherRealm,Playstation,199.9,1,105,False
1040,2026-01-09 17:00:00,Tekken 7,3D,Namco,Xbox,245.41,1,114,True
1041,2026-01-09 01:00:00,Street Fighter IV,arcade,Capcom,Playstation,69.5,1,141,False
1042,2026-01-09 20:00:00,Marvel vs Capcom 3,herois,Capcom,Xbox,99.99,1,121,False
1043,2026-01-09 23:00:00,Marvel vs Capcom 3,herois,Capcom,Playstation,99.99,1,124,False
1044,2026-01-09 10:00:00,Mortal Kombat X,violento,NetherRealm,PC,99.9,2,131,False
1045,2026-01-10 09:00:00,Tekken 8,3D,Namco,PC,316.11,1,106,True
1046,2026-01-10 12:00:00,Marvel vs Capcom 3,herois,Capcom,Xbox,139.99,2,108,True
1047,2026-01-10 00:00:00,Mortal Kombat 1,violento,NetherRealm,PC,349.86,2,102,True
1048,2026-01-10 05:00:00,Street Fighter VI,arcade,Capcom,Xbox,229.9,2,133,False
1049,2026-01-10 10:00:00,Mortal Kombat 11,violento,NetherRealm,Playstation,199.9,1,121,False
1050,2026-01-11 04:00:00,Mortal Kombat X,violento,NetherRealm,Playstation,139.86,2,132,True
1051,2026-01-11 12:00:00,Marvel vs Capcom Infinite,herois,Capcom,Playstation,199.99,2,132,False
1052,2026-01-11 14:00:00,Marvel vs Capcom Infinite,herois,Capcom,Playstation,279.99,2,125,True
1053,2026-01-11 13:00:00,Tekken 8,3D,Namco,PC,316.11,1,141,True
1054,2026-01-11 11:00:00,Mortal Kombat 1,violento,NetherRealm,Xbox,249.9,1,118,False
1055,2026-01-12 22:00:00,Street Fighter VI,arcade,Capcom,PC,321.86,2,148,True
1056,2026-01-12 11:00:00,Street Fighter V,arcade,Capcom,Xbox,129.7,1,121,False
1057,2026-01-12 23:00:00,Mortal Kombat 1,violento,NetherRealm,Xbox,349.86,1,101,True
1058,2026-01-12 03:00:00,Tekken 7,3D,Namco,Playstation,245.41,1,106,True
1059,2026-01-12 20:00:00,Mortal Kombat 1,violento,NetherRealm,Xbox,349.86,1,131,True
1060,2026-01-13 19:00:00,Injustice 2,herois,NetherRealm,Playstation,228.9,2,120,True
1061,2026-01-13 06:00:00,Mortal Kombat 1,violento,NetherRealm,Xbox,249.9,2,121,False
1062,2026-01-13 15:00:00,Mortal Kombat 11,violento,NetherRealm,Playstation,199.9,1,116,False
1063,2026-01-13 18:00:00,Mortal Kombat 1,violento,NetherRealm,PC,349.86,2,109,True
1064,2026-01-13 04:00:00,Street Fighter VI,arcade,Capcom,Playstation,229.9,2,108,False
1065,2026-01-14 12:00:00,Tekken 7,3D,Namco,Playstation,245.41,1,146,True
1066,2026-01-14 01:00:00,Injustice 2,herois,NetherRealm,Playstation,163.5,2,100,False
1067,2026-01-14 05:00:00,Street Fighter VI,arcade,Capcom,Playstation,321.86,2,136,True
1068,2026-01-14 05:00:00,Mortal Kombat 11,violento,NetherRealm,PC,279.86,1,124,True
1069,2026-01-14 21:00:00,Street Fighter V,arcade,Capcom,Playstation,129.7,1,112,False
1070,2026-01-15 09:00:00,Injustice Gods Among Us,herois,NetherRealm,Xbox,89.9,1,146,False
1071,2026-01-15 19:00:00,Mortal Kombat 1,violento,NetherRealm,PC,249.9,1,145,False
1072,2026-01-15 13:00:00,Street Fighter VI,arcade,Capcom,Playstation,321.86,2,128,True
1073,2026-01-15 19:00:00,Street Fighter VI,arcade,Capcom,Playstation,229.9,2,122,False
1074,2026-01-15 17:00:00,Injustice Gods Among Us,herois,NetherRealm,PC,125.86,1,150,True
1075,2026-01-16 23:00:00,Mortal Kombat X,violento,NetherRealm,Xbox,139.86,2,122,True
1076,2026-01-16 12:00:00,Street Fighter V,arcade,Capcom,PC,129.7,1,110,False
1077,2026-01-16 02:00:00,Marvel vs Capcom 3,herois,Capcom,PC,139.99,1,113,True
1078,2026-01-16 15:00:00,Street Fighter VI,arcade,Capcom,Xbox,321.86,1,132,True
1079,2026-01-16 09:00:00,Mortal Kombat 1,violento,NetherRealm,Playstation,249.9,2,114,False
1080,2026-01-17 14:00:00,Marvel vs Capcom Infinite,herois,Capcom,Playstation,279.99,1,117,True
1081,2026-01-17 09:00:00,Street Fighter VI,arcade,Capcom,Xbox,229.9,2,111,False
1082,2026-01-17 14:00:00,Tekken 7,3D,Namco,Xbox,245.41,2,133,True
1083,2026-01-17 18:00:00,Tekken 8,3D,Namco,PC,225.79,1,149,False
1084,2026-01-17 10:00:00,Marvel vs Capcom Infinite,herois,Capcom,PC,199.99,1,112,False
1085,2026-01-18 20:00:00,Mortal Kombat X,violento,NetherRealm,Xbox,99.9,1,133,False
1086,2026-01-18 23:00:00,Mortal Kombat X,violento,NetherRealm,Playstation,99.9,1,119,False
1087,2026-01-18 10:00:00,Marvel vs Capcom Infinite,herois,Capcom,Playstation,279.99,2,150,True
1088,2026-01-18 05:00:00,Tekken 8,3D,Namco,Xbox,225.79,1,129,False
1089,2026-01-18 23:00:00,Tekken 8,3D,Namco,Xbox,225.79,2,104,False
1090,2026-01-19 13:00:00,Mortal Kombat 11,violento,NetherRealm,PC,279.86,1,139,True
1091,2026-01-19 22:00:00,Tekken 8,3D,Namco,PC,225.79,2,108,False
1092,2026-01-19 20:00:00,Street Fighter IV,arcade,Capcom,PC,69.5,2,140,False
1093,2026-01-19 16:00:00,Tekken 7,3D,Namco,Playstation,245.41,2,150,True
1094,2026-01-19 00:00:00,Mortal Kombat 1,violento,NetherRealm,Playstation,249.9,1,100,False
1095,2026-01-20 06:00:00,Tekken 7,3D,Namco,PC,175.29,1,121,False
1096,2026-01-20 00:00:00,Injustice Gods Among Us,herois,NetherRealm,PC,125.86,1,142,True
1097,2026-01-20 09:00:00,Street Fighter VI,arcade,Capcom,PC,229.9,1,128,False
1098,2026-01-20 22:00:00,Injustice Gods Among Us,herois,NetherRealm,Xbox,125.86,2,121,True
1099,2026-01-20 09:00:00,Injustice 2,herois,NetherRealm,Xbox,228.9,1,126,True
1100,2026-01-21 20:00:00,Marvel vs Capcom Infinite,herois,Capcom,Xbox,199.99,1,128,False
1101,2026-01-21 20:00:00,Injustice Gods Among Us,herois,NetherRealm,Xbox,89.9,2,120,False
1102,2026-01-21 16:00:00,Tekken 8,3D,Namco,Xbox,316.11,2,119,True
1103,2026-01-21 19:00:00,Street Fighter V,arcade,Capcom,Playstation,129.7,2,144,False
1104,2026-01-21 16:00:00,Mortal Kombat 11,violento,NetherRealm,Xbox,199.9,1,129,False
1105,2026-01-22 22:00:00,Mortal Kombat 1,violento,NetherRealm,Xbox,249.9,1,143,False
1106,2026-01-22 08:00:00,Injustice 2,herois,NetherRealm,PC,228.9,2,121,True
1107,2026-01-22 03:00:00,Street Fighter V,arcade,Capcom,Xbox,181.58,1,112,True
1108,2026-01-22 20:00:00,Tekken 8,3D,Namco,PC,225.79,1,116,False
1109,2026-01-22 21:00:00,Street Fighter V,arcade,Capcom,Xbox,181.58,1,109,True
1110,2026-01-23 09:00:00,Mortal Kombat X,violento,NetherRealm,PC,139.86,2,100,True
1111,2026-01-23 17:00:00,Marvel vs Capcom 3,herois,Capcom,PC,99.99,1,109,False
1112,2026-01-23 13:00:00,Mortal Kombat 11,violento,NetherRealm,PC,279.86,1,125,True
1113,2026-01-23 23:00:00,Mortal Kombat 1,violento,NetherRealm,Xbox,249.9,1,116,False
1114,2026-01-23 14:00:00,Marvel vs Capcom 3,herois,Capcom,PC,139.99,2,144,True
1115,2026-01-24 23:00:00,Injustice Gods Among Us,herois,NetherRealm,PC,89.9,2,125,False
1116,2026-01-24 08:00:00,Street Fighter IV,arcade,Capcom,PC,69.5,1,138,False
1117,2026-01-24 09:00:00,Marvel vs Capcom Infinite,herois,Capcom,Playstation,279.99,2,125,True
1118,2026-01-24 22:00:00,Tekken 7,3D,Namco,Xbox,245.41,2,138,True
1119,2026-01-24 06:00:00,Mortal Kombat 11,violento,NetherRealm,Xbox,199.9,2,143,False
1120,2026-01-25 15:00:00,Marvel vs Capcom Infinite,herois,Capcom,Playstation,199.99,1,121,False
1121,2026-01-25 19:00:00,Tekken 7,3D,Namco,PC,245.41,2,110,True
1122,2026-01-25 09:00:00,Street Fighter IV,arcade,Capcom,Xbox,69.5,1,126,False
1123,2026-01-25 13:00:00,Injustice Gods Among Us,herois,NetherRealm,PC,89.9,1,128,False
1124,2026-01-25 07:00:00,Mortal Kombat X,violento,NetherRealm,PC,99.9,1,134,False
1125,2026-01-26 03:00:00,Street Fighter V,arcade,Capcom,Playstation,129.7,1,149,False
1126,2026-01-26 20:00:00,Mortal Kombat X,violento,NetherRealm,Xbox,99.9,1,144,False
1127,2026-01-26 21:00:00,Mortal Kombat X,violento,NetherRealm,Xbox,139.86,1,118,True
1128,2026-01-26 17:00:00,Mortal Kombat X,violento,NetherRealm,PC,139.86,1,101,True
1129,2026-01-26 20:00:00,Mortal Kombat 11,violento,NetherRealm,Xbox,199.9,2,149,False
1130,2026-01-27 06:00:00,Tekken 8,3D,Namco,Xbox,316.11,1,131,True
1131,2026-01-27 00:00:00,Mortal Kombat X,violento,NetherRealm,PC,99.9,1,144,False
1132,2026-01-27 20:00:00,Injustice 2,herois,NetherRealm,PC,228.9,1,117,True
1133,2026-01-27 14:00:00,Marvel vs Capcom Infinite,herois,Capcom,Xbox,279.99,1,140,True
1134,2026-01-27 21:00:00,Mortal Kombat X,violento,NetherRealm,Xbox,99.9,2,122,False
1135,2026-01-28 06:00:00,Injustice Gods Among Us,herois,NetherRealm,Playstation,125.86,1,135,True
1136,2026-01-28 12:00:00,Mortal Kombat 1,violento,NetherRealm,Playstation,249.9,2,118,False
1137,2026-01-28 02:00:00,Injustice Gods Among Us,herois,NetherRealm,PC,89.9,2,148,False
1138,2026-01-28 07:00:00,Street Fighter VI,arcade,Capcom,Xbox,229.9,2,125,False
1139,2026-01-28 02:00:00,Injustice 2,herois,NetherRealm,Playstation,228.9,1,100,True
1140,2026-01-29 07:00:00,Mortal Kombat X,violento,NetherRealm,PC,99.9,1,146,False
1141,2026-01-29 03:00:00,Injustice 2,herois,NetherRealm,PC,163.5,1,132,False
1142,2026-01-29 05:00:00,Tekken 7,3D,Namco,Xbox,245.41,1,133,True
1143,2026-01-29 20:00:00,Street Fighter IV,arcade,Capcom,Xbox,97.3,1,118,True
1144,2026-01-29 21:00:00,Mortal Kombat X,violento,NetherRealm,Xbox,99.9,2,114,False
1145,2026-01-30 16:00:00,Street Fighter IV,arcade,Capcom,PC,97.3,1,141,True
1146,2026-01-30 09:00:00,Tekken 7,3D,Namco,PC,245.41,2,145,True
1147,2026-01-30 12:00:00,Injustice 2,herois,NetherRealm,Xbox,163.5,1,105,False
1148,2026-01-30 01:00:00,Mortal Kombat X,violento,NetherRealm,Playstation,99.9,1,101,False
1149,2026-01-30 00:00:00,Marvel vs Capcom 3,herois,Capcom,Xbox,139.99,1,140,True
1150,2026-01-31 18:00:00,Marvel vs Capcom Infinite,herois,Capcom,Playstation,199.99,2,131,False
1151,2026-01-31 02:00:00,Street Fighter V,arcade,Capcom,PC,129.7,1,139,False
1152,2026-01-31 05:00:00,Mortal Kombat 11,violento,NetherRealm,Xbox,199.9,1,130,False
1153,2026-01-31 06:00:00,Injustice 2,herois,NetherRealm,PC,228.9,2,136,True
1154,2026-01-31 22:00:00,Street Fighter IV,arcade,Capcom,Playstation,97.3,2,136,True
1155,2026-02-01 12:00:00,Street Fighter VI,arcade,Capcom,Xbox,229.9,2,124,False
1156,2026-02-01 10:00:00,Tekken 8,3D,Namco,PC,316.11,1,102,True
1157,2026-02-01 03:00:00,Marvel vs Capcom 3,herois,Capcom,Playstation,99.99,1,114,False
1158,2026-02-01 05:00:00,Street Fighter VI,arcade,Capcom,PC,229.9,2,129,False
1159,2026-02-01 18:00:00,Marvel vs Capcom Infinite,herois,Capcom,Xbox,279.99,2,119,True
1160,2026-02-02 18:00:00,Mortal Kombat X,violento,NetherRealm,Xbox,99.9,2,113,False
1161,2026-02-02 02:00:00,Mortal Kombat 11,violento,NetherRealm,Xbox,199.9,2,141,False
1162,2026-02-02 09:00:00,Mortal Kombat X,violento,NetherRealm,Xbox,99.9,1,106,False
1163,2026-02-02 20:00:00,Street Fighter V,arcade,Capcom,PC,129.7,2,134,False
1164,2026-02-02 11:00:00,Tekken 8,3D,Namco,Playstation,316.11,1,129,True
1165,2026-02-03 23:00:00,Injustice Gods Among Us,herois,NetherRealm,PC,89.9,1,119,False
1166,2026-02-03 12:00:00,Injustice Gods Among Us,herois,NetherRealm,Playstation,125.86,2,103,True
1167,2026-02-03 19:00:00,Street Fighter VI,arcade,Capcom,Xbox,321.86,1,118,True
1168,2026-02-03 05:00:00,Street Fighter V,arcade,Capcom,Xbox,181.58,1,149,True
1169,2026-02-03 13:00:00,Mortal Kombat X,violento,NetherRealm,Playstation,99.9,1,118,False
1170,2026-02-04 20:00:00,Street Fighter VI,arcade,Capcom,Playstation,321.86,1,117,True
1171,2026-02-04 21:00:00,Street Fighter VI,arcade,Capcom,Xbox,229.9,1,126,False
1172,2026-02-04 17:00:00,Mortal Kombat 11,violento,NetherRealm,Playstation,199.9,2,132,False
1173,2026-02-04 21:00:00,Street Fighter VI,arcade,Capcom,Playstation,321.86,2,101,True
1174,2026-02-04 08:00:00,Injustice 2,herois,NetherRealm,Playstation,228.9,1,125,True
1175,2026-02-05 10:00:00,Marvel vs Capcom Infinite,herois,Capcom,Playstation,199.99,1,119,False
1176,2026-02-05 15:00:00,Injustice 2,herois,NetherRealm,Xbox,228.9,1,141,True
1177,2026-02-05 12:00:00,Marvel vs Capcom 3,herois,Capcom,Playstation,99.99,2,125,False
1178,2026-02-05 18:00:00,Mortal Kombat 11,violento,NetherRealm,PC,199.9,1,120,False
1179,2026-02-05 03:00:00,Marvel vs Capcom Infinite,herois,Capcom,Xbox,199.99,1,113,False
1180,2026-02-06 12:00:00,Marvel vs Capcom 3,herois,Capcom,PC,99.99,2,107,False
1181,2026-02-06 19:00:00,Injustice Gods Among Us,herois,NetherRealm,Xbox,89.9,1,121,False
1182,2026-02-06 19:00:00,Tekken 7,3D,Namco,Playstation,245.41,2,123,True
1183,2026-02-06 08:00:00,Injustice Gods Among Us,herois,NetherRealm,PC,125.86,1,117,True
1184,2026-02-06 00:00:00,Mortal Kombat X,violento,NetherRealm,Playstation,139.86,1,100,True
1185,2026-02-07 23:00:00,Injustice Gods Among Us,herois,NetherRealm,PC,89.9,1,128,False
1186,2026-02-07 02:00:00,Tekken 7,3D,Namco,Xbox,245.41,2,137,True
1187,2026-02-07 11:00:00,Mortal Kombat X,violento,NetherRealm,Xbox,99.9,2,141,False
1188,2026-02-07 22:00:00,Marvel vs Capcom Infinite,herois,Capcom,Xbox,279.99,2,111,True
1189,2026-02-07 19:00:00,Marvel vs Capcom 3,herois,Capcom,PC,99.99,1,109,False
1190,2026-02-08 04:00:00,Injustice Gods Among Us,herois,NetherRealm,PC,89.9,2,133,False
1191,2026-02-08 23:00:00,Mortal Kombat 11,violento,NetherRealm,Xbox,199.9,1,146,False
1192,2026-02-08 06:00:00,Mortal Kombat 11,violento,NetherRealm,Xbox,279.86,2,123,True
1193,2026-02-08 03:00:00,Marvel vs Capcom 3,herois,Capcom,Xbox,99.99,2,110,False
1194,2026-02-08 17:00:00,Mortal Kombat 1,violento,NetherRealm,PC,249.9,2,102,False
1195,2026-02-09 18:00:00,Mortal Kombat 1,violento,NetherRealm,Playstation,349.86,1,109,True
1196,2026-02-09 08:00:00,Marvel vs Capcom Infinite,herois,Capcom,Xbox,279.99,1,140,True
1197,2026-02-09 03:00:00,Street Fighter V,arcade,Capcom,PC,129.7,2,138,False
1198,2026-02-09 13:00:00,Mortal Kombat X,violento,NetherRealm,PC,99.9,2,116,False
1199,2026-02-09 07:00:00,Tekken 8,3D,Namco,Xbox,225.79,2,102,False
1200,2026-02-10 18:00:00,Marvel vs Capcom Infinite,herois,Capcom,Xbox,199.99,1,103,False
1201,2026-02-10 13:00:00,Street Fighter VI,arcade,Capcom,Playstation,229.9,1,108,False
1202,2026-02-10 10:00:00,Injustice Gods Among Us,herois,NetherRealm,PC,125.86,1,113,True
1203,2026-02-10 05:00:00,Street Fighter VI,arcade,Capcom,Playstation,229.9,1,107,False
1204,2026-02-10 22:00:00,Injustice Gods Among Us,herois,NetherRealm,Xbox,89.9,1,118,False
1205,2026-02-11 00:00:00,Mortal Kombat 1,violento,NetherRealm,PC,349.86,2,137,True
1206,2026-02-11 15:00:00,Marvel vs Capcom Infinite,herois,Capcom,Playstation,199.99,1,142,False
1207,2026-02-11 18:00:00,Street Fighter IV,arcade,Capcom,Playstation,97.3,2,110,True
1208,2026-02-11 15:00:00,Tekken 8,3D,Namco,Xbox,316.11,2,124,True
1209,2026-02-11 03:00:00,Street Fighter V,arcade,Capcom,Playstation,181.58,2,131,True
1210,2026-02-12 08:00:00,Injustice Gods Among Us,herois,NetherRealm,Xbox,125.86,2,130,True
1211,2026-02-12 13:00:00,Street Fighter VI,arcade,Capcom,Playstation,321.86,2,134,True
1212,2026-02-12 08:00:00,Street Fighter IV,arcade,Capcom,PC,69.5,2,108,False
1213,2026-02-12 09:00:00,Mortal Kombat X,violento,NetherRealm,PC,139.86,1,108,True
1214,2026-02-12 05:00:00,Tekken 7,3D,Namco,Playstation,245.41,1,100,True
1215,2026-02-13 07:00:00,Street Fighter IV,arcade,Capcom,Xbox,69.5,1,101,False
1216,2026-02-13 08:00:00,Tekken 7,3D,Namco,PC,245.41,1,102,True
1217,2026-02-13 02:00:00,Marvel vs Capcom 3,herois,Capcom,PC,139.99,2,102,True
1218,2026-02-13 02:00:00,Tekken 7,3D,Namco,PC,175.29,1,112,False
1219,2026-02-13 22:00:00,Marvel vs Capcom Infinite,herois,Capcom,PC,199.99,1,136,False
1220,2026-02-14 04:00:00,Mortal Kombat 11,violento,NetherRealm,Xbox,279.86,1,134,True
1221,2026-02-14 10:00:00,Street Fighter V,arcade,Capcom,PC,181.58,2,116,True
1222,2026-02-14 22:00:00,Marvel vs Capcom 3,herois,Capcom,Playstation,99.99,2,149,False
1223,2026-02-14 14:00:00,Injustice 2,herois,NetherRealm,Xbox,163.5,1,118,False
1224,2026-02-14 10:00:00,Marvel vs Capcom Infinite,herois,Capcom,Playstation,199.99,1,129,False
1225,2026-02-15 05:00:00,Street Fighter V,arcade,Capcom,PC,181.58,1,106,True
1226,2026-02-15 13:00:00,Injustice 2,herois,NetherRealm,PC,163.5,2,147,False
1227,2026-02-15 14:00:00,Injustice 2,herois,NetherRealm,Playstation,228.9,2,148,True
1228,2026-02-15 14:00:00,Mortal Kombat X,violento,NetherRealm,PC,99.9,2,125,False
1229,2026-02-15 10:00:00,Tekken 8,3D,Namco,PC,316.11,1,128,True
1230,2026-02-16 18:00:00,Street Fighter IV,arcade,Capcom,PC,69.5,2,119,False
1231,2026-02-16 18:00:00,Tekken 7,3D,Namco,PC,175.29,1,108,False
1232,2026-02-16 12:00:00,Mortal Kombat 1,violento,NetherRealm,Xbox,349.86,2,109,True
1233,2026-02-16 16:00:00,Mortal Kombat X,violento,NetherRealm,Playstation,99.9,1,141,False
1234,2026-02-16 14:00:00,Street Fighter IV,arcade,Capcom,Xbox,97.3,2,135,True
1235,2026-02-17 07:00:00,Mortal Kombat 11,violento,NetherRealm,Playstation,279.86,1,134,True
1236,2026-02-17 02:00:00,Tekken 7,3D,Namco,Xbox,175.29,2,105,False
1237,2026-02-17 21:00:00,Tekken 7,3D,Namco,Playstation,245.41,1,112,True
1238,2026-02-17 12:00:00,Street Fighter VI,arcade,Capcom,PC,229.9,1,102,False
1239,2026-02-17 06:00:00,Injustice Gods Among Us,herois,NetherRealm,Xbox,89.9,2,124,False
1240,2026-02-18 14:00:00,Mortal Kombat 11,violento,NetherRealm,PC,199.9,2,129,False
1241,2026-02-18 14:00:00,Mortal Kombat 11,violento,NetherRealm,Xbox,279.86,1,131,True
1242,2026-02-18 18:00:00,Injustice Gods Among Us,herois,NetherRealm,Playstation,125.86,1,144,True
1243,2026-02-18 18:00:00,Street Fighter IV,arcade,Capcom,Playstation,69.5,1,108,False
1244,2026-02-18 01:00:00,Injustice Gods Among Us,herois,NetherRealm,PC,89.9,2,138,False
1245,2026-02-19 04:00:00,Tekken 7,3D,Namco,Xbox,175.29,1,111,False
1246,2026-02-19 22:00:00,Mortal Kombat 1,violento,NetherRealm,Playstation,349.86,1,122,True
1247,2026-02-19 03:00:00,Marvel vs Capcom 3,herois,Capcom,Playstation,139.99,2,140,True
1248,2026-02-19 19:00:00,Marvel vs Capcom Infinite,herois,Capcom,PC,199.99,2,121,False
1249,2026-02-19 13:00:00,Marvel vs Capcom 3,herois,Capcom,PC,139.99,2,134,True
1250,2026-02-20 06:00:00,Mortal Kombat X,violento,NetherRealm,PC,139.86,1,131,True
1251,2026-02-20 13:00:00,Street Fighter V,arcade,Capcom,PC,181.58,1,134,True
1252,2026-02-20 08:00:00,Tekken 7,3D,Namco,Playstation,175.29,1,126,False
1253,2026-02-20 23:00:00,Street Fighter V,arcade,Capcom,Xbox,181.58,2,112,True
1254,2026-02-20 05:00:00,Street Fighter IV,arcade,Capcom,Xbox,69.5,2,114,False
1255,2026-02-21 04:00:00,Injustice 2,herois,NetherRealm,Playstation,228.9,1,134,True
1256,2026-02-21 14:00:00,Mortal Kombat X,violento,NetherRealm,PC,99.9,2,130,False
1257,2026-02-21 17:00:00,Marvel vs Capcom 3,herois,Capcom,Playstation,99.99,1,141,False
1258,2026-02-21 02:00:00,Tekken 8,3D,Namco,Xbox,316.11,1,135,True
1259,2026-02-21 11:00:00,Marvel vs Capcom Infinite,herois,Capcom,PC,279.99,2,147,True
1260,2026-02-22 21:00:00,Tekken 7,3D,Namco,PC,245.41,1,105,True
1261,2026-02-22 06:00:00,Mortal Kombat 11,violento,NetherRealm,Playstation,199.9,2,126,False
1262,2026-02-22 14:00:00,Injustice 2,herois,NetherRealm,Playstation,228.9,2,149,True
1263,2026-02-22 01:00:00,Marvel vs Capcom Infinite,herois,Capcom,Playstation,279.99,2,150,True
1264,2026-02-22 15:00:00,Mortal Kombat 11,violento,NetherRealm,Playstation,279.86,1,133,True
1265,2026-02-23 06:00:00,Marvel vs Capcom Infinite,herois,Capcom,Xbox,199.99,2,106,False
1266,2026-02-23 21:00:00,Tekken 7,3D,Namco,PC,175.29,2,148,False
1267,2026-02-23 18:00:00,Mortal Kombat 1,violento,NetherRealm,Playstation,249.9,1,132,False
1268,2026-02-23 15:00:00,Marvel vs Capcom 3,herois,Capcom,PC,99.99,2,112,False
1269,2026-02-23 07:00:00,Injustice 2,herois,NetherRealm,Playstation,163.5,1,138,False
1270,2026-02-24 10:00:00,Tekken 8,3D,Namco,Playstation,316.11,2,146,True
1271,2026-02-24 10:00:00,Street Fighter V,arcade,Capcom,PC,129.7,1,126,False
1272,2026-02-24 18:00:00,Street Fighter VI,arcade,Capcom,Playstation,321.86,2,106,True
1273,2026-02-24 18:00:00,Street Fighter IV,arcade,Capcom,Xbox,97.3,1,118,True
1274,2026-02-24 11:00:00,Injustice Gods Among Us,herois,NetherRealm,Playstation,125.86,2,108,True
1275,2026-02-25 14:00:00,Injustice 2,herois,NetherRealm,PC,228.9,1,138,True
1276,2026-02-25 01:00:00,Street Fighter IV,arcade,Capcom,PC,69.5,1,119,False
1277,2026-02-25 17:00:00,Tekken 7,3D,Namco,Xbox,175.29,1,140,False
1278,2026-02-25 19:00:00,Tekken 8,3D,Namco,Playstation,316.11,1,132,True
1279,2026-02-25 15:00:00,Street Fighter VI,arcade,Capcom,Playstation,229.9,1,107,False
1280,2026-02-26 11:00:00,Injustice Gods Among Us,herois,NetherRealm,PC,125.86,2,133,True
1281,2026-02-26 07:00:00,Injustice 2,herois,NetherRealm,PC,228.9,2,133,True
1282,2026-02-26 04:00:00,Tekken 8,3D,Namco,Playstation,316.11,1,123,True
1283,2026-02-26 12:00:00,Marvel vs Capcom 3,herois,Capcom,PC,99.99,2,129,False
1284,2026-02-26 06:00:00,Street Fighter IV,arcade,Capcom,Playstation,69.5,1,126,False
1285,2026-02-27 13:00:00,Marvel vs Capcom 3,herois,Capcom,Xbox,99.99,2,129,False
1286,2026-02-27 11:00:00,Tekken 8,3D,Namco,Playstation,225.79,2,105,False
1287,2026-02-27 06:00:00,Street Fighter IV,arcade,Capcom,PC,97.3,2,127,True
1288,2026-02-27 16:00:00,Street Fighter V,arcade,Capcom,Xbox,181.58,2,103,True
1289,2026-02-27 04:00:00,Mortal Kombat X,violento,NetherRealm,Playstation,139.86,1,144,True
1290,2026-02-28 04:00:00,Marvel vs Capcom 3,herois,Capcom,PC,139.99,2,128,True
1291,2026-02-28 18:00:00,Mortal Kombat X,violento,NetherRealm,Playstation,99.9,1,119,False
1292,2026-02-28 06:00:00,Tekken 8,3D,Namco,Xbox,225.79,2,110,False
1293,2026-02-28 16:00:00,Tekken 7,3D,Namco,Playstation,245.41,1,149,True
1294,2026-02-28 16:00:00,Street Fighter VI,arcade,Capcom,PC,229.9,2,125,False
1295,2026-03-01 22:00:00,Mortal Kombat X,violento,NetherRealm,Playstation,99.9,1,105,False
1296,2026-03-01 12:00:00,Marvel vs Capcom 3,herois,Capcom,Playstation,99.99,1,124,False
1297,2026-03-01 06:00:00,Injustice Gods Among Us,herois,NetherRealm,PC,125.86,2,137,True
1298,2026-03-01 05:00:00,Street Fighter VI,arcade,Capcom,PC,229.9,2,104,False
1299,2026-03-01 03:00:00,Tekken 8,3D,Namco,Xbox,225.79,1,120,False
1300,2026-03-02 00:00:00,Injustice Gods Among Us,herois,NetherRealm,Playstation,89.9,2,110,False
1301,2026-03-02 17:00:00,Street Fighter VI,arcade,Capcom,Playstation,321.86,1,136,True
1302,2026-03-02 02:00:00,Mortal Kombat X,violento,NetherRealm,Xbox,139.86,1,135,True
1303,2026-03-02 19:00:00,Street Fighter VI,arcade,Capcom,Xbox,229.9,2,115,False
1304,2026-03-02 23:00:00,Street Fighter V,arcade,Capcom,Xbox,181.58,2,147,True
1305,2026-03-03 12:00:00,Marvel vs Capcom 3,herois,Capcom,PC,99.99,1,122,False
1306,2026-03-03 02:00:00,Street Fighter V,arcade,Capcom,PC,129.7,2,123,False
1307,2026-03-03 15:00:00,Mortal Kombat 1,violento,NetherRealm,Xbox,349.86,1,144,True
1308,2026-03-03 23:00:00,Marvel vs Capcom 3,herois,Capcom,PC,139.99,1,148,True
1309,2026-03-03 04:00:00,Tekken 7,3D,Namco,Xbox,245.41,2,142,True
1310,2026-03-04 14:00:00,Street Fighter V,arcade,Capcom,PC,129.7,1,136,False
1311,2026-03-04 10:00:00,Marvel vs Capcom 3,herois,Capcom,Xbox,139.99,1,137,True
1312,2026-03-04 13:00:00,Street Fighter V,arcade,Capcom,Xbox,129.7,2,125,False
1313,2026-03-04 07:00:00,Street Fighter IV,arcade,Capcom,Xbox,69.5,1,138,False
1314,2026-03-04 00:00:00,Marvel vs Capcom Infinite,herois,Capcom,Xbox,279.99,1,118,True
1315,2026-03-05 15:00:00,Marvel vs Capcom Infinite,herois,Capcom,PC,279.99,2,107,True
1316,2026-03-05 05:00:00,Mortal Kombat X,violento,NetherRealm,Xbox,99.9,1,119,False
1317,2026-03-05 16:00:00,Mortal Kombat X,violento,NetherRealm,Xbox,139.86,1,116,True
1318,2026-03-05 00:00:00,Mortal Kombat X,violento,NetherRealm,PC,139.86,2,103,True
1319,2026-03-05 04:00:00,Injustice 2,herois,NetherRealm,PC,228.9,1,144,True
1320,2026-03-06 03:00:00,Mortal Kombat 11,violento,NetherRealm,Xbox,279.86,2,130,True
1321,2026-03-06 18:00:00,Mortal Kombat 1,violento,NetherRealm,Xbox,349.86,1,139,True
1322,2026-03-06 01:00:00,Injustice 2,herois,NetherRealm,Xbox,163.5,1,105,False
1323,2026-03-06 21:00:00,Marvel vs Capcom 3,herois,Capcom,Xbox,99.99,1,120,False
1324,2026-03-06 15:00:00,Marvel vs Capcom 3,herois,Capcom,Xbox,99.99,1,121,False
1325,2026-03-07 07:00:00,Marvel vs Capcom 3,herois,Capcom,Xbox,99.99,2,126,False
1326,2026-03-07 12:00:00,Mortal Kombat X,violento,NetherRealm,Xbox,139.86,2,103,True
1327,2026-03-07 08:00:00,Injustice 2,herois,NetherRealm,Playstation,163.5,2,142,False
1328,2026-03-07 15:00:00,Mortal Kombat 1,violento,NetherRealm,Xbox,349.86,1,127,True
1329,2026-03-07 18:00:00,Marvel vs Capcom Infinite,herois,Capcom,PC,199.99,2,127,False
1330,2026-03-08 19:00:00,Tekken 8,3D,Namco,Xbox,225.79,2,111,False
1331,2026-03-08 12:00:00,Mortal Kombat X,violento,NetherRealm,PC,99.9,2,126,False
1332,2026-03-08 10:00:00,Street Fighter V,arcade,Capcom,PC,181.58,1,103,True
1333,2026-03-08 01:00:00,Mortal Kombat X,violento,NetherRealm,Playstation,139.86,2,132,True
1334,2026-03-08 04:00:00,Tekken 7,3D,Namco,Playstation,175.29,2,112,False
1335,2026-03-09 20:00:00,Tekken 7,3D,Namco,PC,245.41,2,124,True
1336,2026-03-09 16:00:00,Mortal Kombat 1,violento,NetherRealm,Playstation,349.86,2,105,True
1337,2026-03-09 01:00:00,Mortal Kombat 1,violento,NetherRealm,Playstation,349.86,1,140,True
1338,2026-03-09 06:00:00,Street Fighter V,arcade,Capcom,Xbox,129.7,1,136,False
1339,2026-03-09 11:00:00,Mortal Kombat 11,violento,NetherRealm,Playstation,199.9,2,128,False
1340,2026-03-10 13:00:00,Tekken 7,3D,Namco,Xbox,175.29,1,134,False
1341,2026-03-10 19:00:00,Street Fighter IV,arcade,Capcom,PC,69.5,2,130,False
1342,2026-03-10 17:00:00,Tekken 8,3D,Namco,Xbox,225.79,1,104,False
1343,2026-03-10 03:00:00,Street Fighter V,arcade,Capcom,Playstation,129.7,2,111,False
1344,2026-03-10 17:00:00,Marvel vs Capcom Infinite,herois,Capcom,Xbox,199.99,1,106,False
1345,2026-03-11 18:00:00,Street Fighter V,arcade,Capcom,Playstation,181.58,2,115,True
1346,2026-03-11 08:00:00,Street Fighter VI,arcade,Capcom,Xbox,229.9,1,102,False
1347,2026-03-11 09:00:00,Mortal Kombat 11,violento,NetherRealm,Playstation,279.86,1,117,True
1348,2026-03-11 15:00:00,Mortal Kombat 1,violento,NetherRealm,PC,349.86,2,116,True
1349,2026-03-11 01:00:00,Marvel vs Capcom 3,herois,Capcom,PC,99.99,1,131,False
1350,2026-03-12 00:00:00,Street Fighter VI,arcade,Capcom,Xbox,229.9,2,141,False
1351,2026-03-12 13:00:00,Mortal Kombat X,violento,NetherRealm,Xbox,99.9,1,118,False
1352,2026-03-12 13:00:00,Tekken 8,3D,Namco,PC,225.79,2,125,False
1353,2026-03-12 21:00:00,Marvel vs Capcom Infinite,herois,Capcom,PC,279.99,2,125,True
1354,2026-03-12 00:00:00,Marvel vs Capcom 3,herois,Capcom,Xbox,99.99,1,149,False
1355,2026-03-13 06:00:00,Mortal Kombat 1,violento,NetherRealm,PC,249.9,1,131,False
1356,2026-03-13 15:00:00,Marvel vs Capcom Infinite,herois,Capcom,Xbox,279.99,1,113,True
1357,2026-03-13 06:00:00,Mortal Kombat X,violento,NetherRealm,Playstation,139.86,1,103,True
1358,2026-03-13 01:00:00,Street Fighter V,arcade,Capcom,Playstation,129.7,2,133,False
1359,2026-03-13 10:00:00,Tekken 8,3D,Namco,Playstation,316.11,1,144,True
1360,2026-03-14 01:00:00,Injustice Gods Among Us,herois,NetherRealm,Xbox,125.86,2,132,True
1361,2026-03-14 12:00:00,Street Fighter VI,arcade,Capcom,PC,229.9,1,134,False
1362,2026-03-14 18:00:00,Street Fighter VI,arcade,Capcom,Xbox,229.9,1,124,False
1363,2026-03-14 01:00:00,Mortal Kombat 11,violento,NetherRealm,Xbox,279.86,2,119,True
1364,2026-03-14 11:00:00,Injustice 2,herois,NetherRealm,Xbox,228.9,2,137,True
1365,2026-03-15 03:00:00,Street Fighter VI,arcade,Capcom,PC,229.9,2,109,False
1366,2026-03-15 22:00:00,Street Fighter V,arcade,Capcom,Playstation,181.58,2,104,True
1367,2026-03-15 04:00:00,Marvel vs Capcom 3,herois,Capcom,PC,139.99,1,125,True
1368,2026-03-15 11:00:00,Mortal Kombat X,violento,NetherRealm,Playstation,99.9,2,119,False
1369,2026-03-15 18:00:00,Marvel vs Capcom Infinite,herois,Capcom,Xbox,199.99,2,123,False
1370,2026-03-16 12:00:00,Street Fighter V,arcade,Capcom,Playstation,129.7,1,114,False
1371,2026-03-16 22:00:00,Marvel vs Capcom Infinite,herois,Capcom,PC,279.99,2,108,True
1372,2026-03-16 06:00:00,Street Fighter VI,arcade,Capcom,Playstation,229.9,1,107,False
1373,2026-03-16 22:00:00,Street Fighter IV,arcade,Capcom,Playstation,97.3,1,140,True
1374,2026-03-16 10:00:00,Marvel vs Capcom Infinite,herois,Capcom,PC,279.99,1,128,True
1375,2026-03-17 03:00:00,Tekken 8,3D,Namco,Playstation,316.11,2,118,True
1376,2026-03-17 20:00:00,Marvel vs Capcom Infinite,herois,Capcom,PC,279.99,1,150,True
1377,2026-03-17 16:00:00,Street Fighter IV,arcade,Capcom,Xbox,69.5,1,110,False
1378,2026-03-17 20:00:00,Street Fighter V,arcade,Capcom,Xbox,129.7,2,108,False
1379,2026-03-17 04:00:00,Mortal Kombat X,violento,NetherRealm,Xbox,139.86,1,137,True
1380,2026-03-18 03:00:00,Tekken 8,3D,Namco,PC,225.79,2,129,False
1381,2026-03-18 13:00:00,Street Fighter VI,arcade,Capcom,Xbox,229.9,2,128,False
1382,2026-03-18 09:00:00,Mortal Kombat 1,violento,NetherRealm,Playstation,349.86,2,144,True
1383,2026-03-18 08:00:00,Marvel vs Capcom Infinite,herois,Capcom,Playstation,199.99,2,135,False
1384,2026-03-18 10:00:00,Street Fighter V,arcade,Capcom,Xbox,181.58,2,126,True
1385,2026-03-19 06:00:00,Injustice Gods Among Us,herois,NetherRealm,Xbox,125.86,1,148,True
1386,2026-03-19 13:00:00,Marvel vs Capcom Infinite,herois,Capcom,Xbox,199.99,1,148,False
1387,2026-03-19 12:00:00,Street Fighter V,arcade,Capcom,PC,129.7,2,142,False
1388,2026-03-19 01:00:00,Tekken 7,3D,Namco,Xbox,245.41,2,113,True
1389,2026-03-19 09:00:00,Mortal Kombat 11,violento,NetherRealm,Playstation,199.9,2,127,False
1390,2026-03-20 15:00:00,Marvel vs Capcom Infinite,herois,Capcom,PC,279.99,1,139,True
1391,2026-03-20 22:00:00,Mortal Kombat 11,violento,NetherRealm,Xbox,199.9,2,110,False
1392,2026-03-20 23:00:00,Street Fighter IV,arcade,Capcom,Playstation,69.5,2,106,False
1393,2026-03-20 12:00:00,Tekken 7,3D,Namco,Playstation,175.29,2,136,False
1394,2026-03-20 18:00:00,Mortal Kombat 11,violento,NetherRealm,PC,279.86,1,112,True
1395,2026-03-21 08:00:00,Tekken 7,3D,Namco,PC,245.41,1,136,True
1396,2026-03-21 12:00:00,Street Fighter V,arcade,Capcom,PC,181.58,1,149,True
1397,2026-03-21 05:00:00,Tekken 7,3D,Namco,PC,245.41,1,149,True
1398,2026-03-21 04:00:00,Marvel vs Capcom Infinite,herois,Capcom,Playstation,279.99,1,133,True
1399,2026-03-21 04:00:00,Mortal Kombat 11,violento,NetherRealm,Playstation,199.9,1,149,False
1400,2026-03-22 14:00:00,Marvel vs Capcom Infinite,herois,Capcom,Xbox,279.99,1,140,True
1401,2026-03-22 06:00:00,Injustice Gods Among Us,herois,NetherRealm,Playstation,89.9,1,145,False
1402,2026-03-22 07:00:00,Mortal Kombat X,violento,NetherRealm,PC,99.9,2,111,False
1403,2026-03-22 18:00:00,Mortal Kombat 1,violento,NetherRealm,Xbox,249.9,1,136,False
1404,2026-03-22 20:00:00,Tekken 8,3D,Namco,Playstation,316.11,2,130,True
1405,2026-03-23 17:00:00,Tekken 7,3D,Namco,Xbox,175.29,2,139,False
1406,2026-03-23 11:00:00,Mortal Kombat X,violento,NetherRealm,Xbox,139.86,1,102,True
1407,2026-03-23 16:00:00,Street Fighter VI,arcade,Capcom,Xbox,321.86,1,149,True
1408,2026-03-23 06:00:00,Marvel vs Capcom 3,herois,Capcom,Playstation,139.99,2,107,True
1409,2026-03-23 00:00:00,Street Fighter IV,arcade,Capcom,PC,97.3,2,141,True
1410,2026-03-24 10:00:00,Mortal Kombat X,violento,NetherRealm,Xbox,139.86,1,126,True
1411,2026-03-24 04:00:00,Marvel vs Capcom 3,herois,Capcom,Xbox,99.99,1,131,False
1412,2026-03-24 14:00:00,Street Fighter V,arcade,Capcom,Playstation,181.58,2,123,True
1413,2026-03-24 05:00:00,Marvel vs Capcom Infinite,herois,Capcom,PC,199.99,1,105,False
1414,2026-03-24 17:00:00,Street Fighter VI,arcade,Capcom,PC,229.9,1,141,False
1415,2026-03-25 03:00:00,Marvel vs Capcom 3,herois,Capcom,PC,139.99,1,141,True
1416,2026-03-25 04:00:00,Marvel vs Capcom 3,herois,Capcom,PC,139.99,1,150,True
1417,2026-03-25 13:00:00,Street Fighter V,arcade,Capcom,PC,129.7,2,119,False
1418,2026-03-25 05:00:00,Injustice 2,herois,NetherRealm,PC,228.9,1,149,True
1419,2026-03-25 10:00:00,Injustice 2,herois,NetherRealm,Xbox,228.9,1,132,True
1420,2026-03-26 09:00:00,Tekken 8,3D,Namco,Xbox,225.79,1,113,False
1421,2026-03-26 05:00:00,Injustice 2,herois,NetherRealm,PC,163.5,1,106,False
1422,2026-03-26 10:00:00,Marvel vs Capcom 3,herois,Capcom,PC,99.99,2,147,False
1423,2026-03-26 18:00:00,Injustice Gods Among Us,herois,NetherRealm,Playstation,125.86,2,111,True
1424,2026-03-26 09:00:00,Injustice 2,herois,NetherRealm,Playstation,228.9,1,134,True
1425,2026-03-27 00:00:00,Mortal Kombat 1,violento,NetherRealm,Playstation,249.9,2,122,False
1426,2026-03-27 06:00:00,Street Fighter IV,arcade,Capcom,Playstation,97.3,1,123,True
1427,2026-03-27 01:00:00,Mortal Kombat X,violento,NetherRealm,Xbox,139.86,2,106,True
1428,2026-03-27 19:00:00,Mortal Kombat 11,violento,NetherRealm,PC,199.9,1,123,False
1429,2026-03-27 10:00:00,Street Fighter IV,arcade,Capcom,Playstation,97.3,2,140,True
1430,2026-03-28 05:00:00,Street Fighter VI,arcade,Capcom,PC,321.86,2,138,True
1431,2026-03-28 12:00:00,Marvel vs Capcom 3,herois,Capcom,Playstation,99.99,2,104,False
1432,2026-03-28 01:00:00,Street Fighter IV,arcade,Capcom,Playstation,69.5,1,134,False
1433,2026-03-28 03:00:00,Injustice 2,herois,NetherRealm,PC,163.5,2,125,False
1434,2026-03-28 07:00:00,Injustice Gods Among Us,herois,NetherRealm,PC,125.86,2,120,True
1435,2026-03-29 20:00:00,Street Fighter V,arcade,Capcom,Playstation,129.7,1,130,False
1436,2026-03-29 05:00:00,Tekken 8,3D,Namco,PC,316.11,1,147,True
1437,2026-03-29 18:00:00,Street Fighter IV,arcade,Capcom,Xbox,69.5,2,128,False
1438,2026-03-29 03:00:00,Mortal Kombat 1,violento,NetherRealm,Playstation,249.9,2,125,False
1439,2026-03-29 12:00:00,Mortal Kombat 11,violento,NetherRealm,Xbox,199.9,2,143,False
1440,2026-03-30 01:00:00,Mortal Kombat X,violento,NetherRealm,PC,99.9,1,120,False
1441,2026-03-30 02:00:00,Street Fighter VI,arcade,Capcom,Xbox,321.86,2,118,True
1442,2026-03-30 18:00:00,Street Fighter IV,arcade,Capcom,Xbox,69.5,2,102,False
1443,2026-03-30 15:00:00,Injustice 2,herois,NetherRealm,Playstation,228.9,1,145,True
1444,2026-03-30 04:00:00,Injustice Gods Among Us,herois,NetherRealm,Playstation,89.9,2,137,False
1445,2026-03-31 14:00:00,Street Fighter VI,arcade,Capcom,PC,229.9,2,130,False
1446,2026-03-31 08:00:00,Street Fighter V,arcade,Capcom,Playstation,129.7,1,117,False
1447,2026-03-31 08:00:00,Tekken 7,3D,Namco,PC,175.29,1,142,False
1448,2026-03-31 03:00:00,Mortal Kombat 11,violento,NetherRealm,Playstation,199.9,1,133,False
1449,2026-03-31 02:00:00,Marvel vs Capcom 3,herois,Capcom,PC,139.99,2,132,True
1450,2026-04-01 23:00:00,Marvel vs Capcom Infinite,herois,Capcom,PC,279.99,1,145,True
1451,2026-04-01 18:00:00,Street Fighter IV,arcade,Capcom,PC,69.5,1,122,False
1452,2026-04-01 04:00:00,Street Fighter IV,arcade,Capcom,PC,97.3,1,149,True
1453,2026-04-01 13:00:00,Street Fighter V,arcade,Capcom,Xbox,129.7,2,140,False
1454,2026-04-01 19:00:00,Street Fighter IV,arcade,Capcom,Xbox,69.5,2,146,False
1455,2026-04-02 04:00:00,Mortal Kombat X,violento,NetherRealm,Playstation,99.9,2,135,False
1456,2026-04-02 13:00:00,Mortal Kombat 1,violento,NetherRealm,Playstation,349.86,1,134,True
1457,2026-04-02 19:00:00,Mortal Kombat X,violento,NetherRealm,Xbox,139.86,1,121,True
1458,2026-04-02 19:00:00,Street Fighter VI,arcade,Capcom,Playstation,229.9,1,130,False
1459,2026-04-02 16:00:00,Marvel vs Capcom Infinite,herois,Capcom,Playstation,279.99,1,107,True
1460,2026-04-03 23:00:00,Street Fighter V,arcade,Capcom,PC,181.58,1,145,True
1461,2026-04-03 05:00:00,Mortal Kombat 1,violento,NetherRealm,Playstation,349.86,1,144,True
1462,2026-04-03 13:00:00,Tekken 8,3D,Namco,PC,225.79,2,118,False
1463,2026-04-03 08:00:00,Marvel vs Capcom 3,herois,Capcom,Playstation,99.99,1,147,False
1464,2026-04-03 16:00:00,Street Fighter IV,arcade,Capcom,Xbox,97.3,1,101,True
1465,2026-04-04 02:00:00,Mortal Kombat 1,violento,NetherRealm,Playstation,249.9,1,128,False
1466,2026-04-04 11:00:00,Tekken 8,3D,Namco,PC,225.79,1,123,False
1467,2026-04-04 04:00:00,Marvel vs Capcom 3,herois,Capcom,PC,139.99,1,104,True
1468,2026-04-04 13:00:00,Street Fighter IV,arcade,Capcom,Xbox,69.5,2,104,False
1469,2026-04-04 01:00:00,Mortal Kombat X,violento,NetherRealm,Xbox,139.86,2,148,True
1470,2026-04-05 13:00:00,Tekken 7,3D,Namco,PC,245.41,2,149,True
1471,2026-04-05 16:00:00,Marvel vs Capcom 3,herois,Capcom,Xbox,139.99,1,149,True
1472,2026-04-05 06:00:00,Mortal Kombat 1,violento,NetherRealm,PC,349.86,2,115,True
1473,2026-04-05 05:00:00,Mortal Kombat X,violento,NetherRealm,PC,99.9,1,143,False
1474,2026-04-05 21:00:00,Marvel vs Capcom Infinite,herois,Capcom,PC,199.99,2,145,False
1475,2026-04-06 12:00:00,Street Fighter IV,arcade,Capcom,PC,97.3,2,135,True
1476,2026-04-06 15:00:00,Mortal Kombat X,violento,NetherRealm,PC,139.86,1,106,True
1477,2026-04-06 03:00:00,Injustice Gods Among Us,herois,NetherRealm,PC,125.86,2,149,True
1478,2026-04-06 17:00:00,Mortal Kombat X,violento,NetherRealm,PC,99.9,1,150,False
1479,2026-04-06 20:00:00,Marvel vs Capcom Infinite,herois,Capcom,Playstation,279.99,2,144,True
1480,2026-04-07 21:00:00,Mortal Kombat 1,violento,NetherRealm,PC,349.86,2,115,True
1481,2026-04-07 14:00:00,Mortal Kombat 1,violento,NetherRealm,Playstation,349.86,2,138,True
1482,2026-04-07 11:00:00,Street Fighter VI,arcade,Capcom,Xbox,229.9,2,115,False
1483,2026-04-07 08:00:00,Tekken 7,3D,Namco,Xbox,245.41,1,138,True
1484,2026-04-07 14:00:00,Marvel vs Capcom Infinite,herois,Capcom,Playstation,199.99,2,130,False
1485,2026-04-08 19:00:00,Marvel vs Capcom Infinite,herois,Capcom,Playstation,279.99,1,137,True
1486,2026-04-08 17:00:00,Marvel vs Capcom 3,herois,Capcom,Xbox,139.99,2,133,True
1487,2026-04-08 21:00:00,Tekken 7,3D,Namco,Playstation,175.29,2,123,False
1488,2026-04-08 23:00:00,Mortal Kombat 1,violento,NetherRealm,Playstation,349.86,2,132,True
1489,2026-04-08 19:00:00,Tekken 8,3D,Namco,Xbox,316.11,1,132,True
1490,2026-04-09 06:00:00,Street Fighter V,arcade,Capcom,Playstation,181.58,1,106,True
1491,2026-04-09 16:00:00,Injustice 2,herois,NetherRealm,Playstation,228.9,1,133,True
1492,2026-04-09 16:00:00,Mortal Kombat X,violento,NetherRealm,Playstation,99.9,1,111,False
1493,2026-04-09 20:00:00,Street Fighter VI,arcade,Capcom,Xbox,229.9,2,110,False
1494,2026-04-09 17:00:00,Mortal Kombat 11,violento,NetherRealm,Xbox,279.86,2,136,True
1495,2026-04-10 16:00:00,Mortal Kombat X,violento,NetherRealm,PC,99.9,2,121,False
1496,2026-04-10 21:00:00,Street Fighter VI,arcade,Capcom,Playstation,229.9,2,101,False
1497,2026-04-10 18:00:00,Mortal Kombat X,violento,NetherRealm,Xbox,139.86,2,113,True
1498,2026-04-10 10:00:00,Injustice 2,herois,NetherRealm,Playstation,228.9,2,128,True
1499,2026-04-10 22:00:00,Street Fighter VI,arcade,Capcom,Playstation,229.9,1,125,False
1500,2026-04-11 23:00:00,Marvel vs Capcom 3,herois,Capcom,Xbox,99.99,2,124,False
1501,2026-04-11 20:00:00,Mortal Kombat 1,violento,NetherRealm,Playstation,349.86,2,120,True
1502,2026-04-11 03:00:00,Injustice Gods Among Us,herois,NetherRealm,Xbox,125.86,1,109,True
1503,2026-04-11 20:00:00,Mortal Kombat 1,violento,NetherRealm,PC,249.9,2,118,False
1504,2026-04-11 07:00:00,Marvel vs Capcom 3,herois,Capcom,Xbox,99.99,1,140,False
1505,2026-04-12 03:00:00,Marvel vs Capcom Infinite,herois,Capcom,Playstation,279.99,1,118,True
1506,2026-04-12 20:00:00,Injustice Gods Among Us,herois,NetherRealm,Xbox,89.9,2,116,False
1507,2026-04-12 15:00:00,Street Fighter VI,arcade,Capcom,PC,321.86,2,137,True
1508,2026-04-12 09:00:00,Street Fighter VI,arcade,Capcom,PC,229.9,2,105,False
1509,2026-04-12 06:00:00,Street Fighter IV,arcade,Capcom,Playstation,69.5,1,133,False
1510,2026-04-13 22:00:00,Injustice Gods Among Us,herois,NetherRealm,Xbox,89.9,2,120,False
1511,2026-04-13 14:00:00,Marvel vs Capcom Infinite,herois,Capcom,Playstation,279.99,1,150,True
1512,2026-04-13 15:00:00,Street Fighter VI,arcade,Capcom,Playstation,229.9,1,150,False
1513,2026-04-13 04:00:00,Mortal Kombat X,violento,NetherRealm,Playstation,99.9,1,136,False
1514,2026-04-13 08:00:00,Mortal Kombat 11,violento,NetherRealm,Playstation,199.9,1,145,False
1515,2026-04-14 07:00:00,Street Fighter IV,arcade,Capcom,Playstation,69.5,1,104,False
1516,2026-04-14 14:00:00,Injustice 2,herois,NetherRealm,Xbox,228.9,1,125,True
1517,2026-04-14 06:00:00,Marvel vs Capcom 3,herois,Capcom,PC,139.99,1,142,True
1518,2026-04-14 18:00:00,Street Fighter VI,arcade,Capcom,PC,321.86,2,132,True
1519,2026-04-14 03:00:00,Injustice 2,herois,NetherRealm,Playstation,163.5,1,105,False
1520,2026-04-15 08:00:00,Mortal Kombat 11,violento,NetherRealm,Playstation,199.9,2,134,False
1521,2026-04-15 10:00:00,Street Fighter VI,arcade,Capcom,PC,229.9,1,125,False
1522,2026-04-15 01:00:00,Street Fighter VI,arcade,Capcom,PC,321.86,1,116,True
1523,2026-04-15 03:00:00,Tekken 7,3D,Namco,Xbox,175.29,1,102,False
1524,2026-04-15 21:00:00,Street Fighter VI,arcade,Capcom,Xbox,321.86,1,131,True
1525,2026-04-16 06:00:00,Street Fighter VI,arcade,Capcom,Xbox,229.9,1,128,False
1526,2026-04-16 01:00:00,Injustice Gods Among Us,herois,NetherRealm,PC,89.9,1,115,False
1527,2026-04-16 16:00:00,Tekken 7,3D,Namco,Xbox,245.41,1,126,True
1528,2026-04-16 03:00:00,Injustice 2,herois,NetherRealm,PC,163.5,1,117,False
1529,2026-04-16 03:00:00,Injustice Gods Among Us,herois,NetherRealm,Playstation,125.86,1,145,True
1530,2026-04-17 19:00:00,Injustice Gods Among Us,herois,NetherRealm,PC,89.9,2,141,False
1531,2026-04-17 18:00:00,Mortal Kombat 1,violento,NetherRealm,Playstation,249.9,1,123,False
1532,2026-04-17 10:00:00,Tekken 7,3D,Namco,Playstation,245.41,1,138,True
1533,2026-04-17 09:00:00,Street Fighter VI,arcade,Capcom,Playstation,229.9,1,119,False
1534,2026-04-17 19:00:00,Street Fighter IV,arcade,Capcom,Playstation,69.5,1,132,False
1535,2026-04-18 15:00:00,Street Fighter IV,arcade,Capcom,PC,69.5,2,114,False
1536,2026-04-18 15:00:00,Tekken 8,3D,Namco,PC,225.79,1,105,False
1537,2026-04-18 21:00:00,Street Fighter IV,arcade,Capcom,PC,69.5,1,105,False
1538,2026-04-18 20:00:00,Tekken 7,3D,Namco,PC,245.41,1,135,True
1539,2026-04-18 20:00:00,Injustice Gods Among Us,herois,NetherRealm,Playstation,125.86,1,109,True
1540,2026-04-19 09:00:00,Mortal Kombat 11,violento,NetherRealm,PC,199.9,2,133,False
1541,2026-04-19 00:00:00,Street Fighter IV,arcade,Capcom,PC,97.3,2,125,True
1542,2026-04-19 20:00:00,Mortal Kombat 1,violento,NetherRealm,PC,349.86,1,121,True
1543,2026-04-19 00:00:00,Marvel vs Capcom 3,herois,Capcom,Xbox,99.99,1,126,False
1544,2026-04-19 16:00:00,Tekken 8,3D,Namco,Xbox,225.79,1,145,False
1545,2026-04-20 23:00:00,Tekken 8,3D,Namco,Playstation,225.79,2,115,False
1546,2026-04-20 15:00:00,Marvel vs Capcom 3,herois,Capcom,PC,139.99,1,118,True
1547,2026-04-20 19:00:00,Street Fighter V,arcade,Capcom,Playstation,129.7,1,139,False
1548,2026-04-20 09:00:00,Injustice Gods Among Us,herois,NetherRealm,Xbox,125.86,1,101,True
1549,2026-04-20 19:00:00,Mortal Kombat 1,violento,NetherRealm,Xbox,349.86,2,134,True
1550,2026-04-21 11:00:00,Injustice 2,herois,NetherRealm,Playstation,163.5,1,148,False
1551,2026-04-21 22:00:00,Mortal Kombat X,violento,NetherRealm,Xbox,99.9,2,144,False
1552,2026-04-21 10:00:00,Mortal Kombat 1,violento,NetherRealm,Xbox,249.9,2,135,False
1553,2026-04-21 07:00:00,Injustice 2,herois,NetherRealm,Playstation,228.9,1,105,True
1554,2026-04-21 14:00:00,Mortal Kombat 11,violento,NetherRealm,Playstation,199.9,1,140,False
1555,2026-04-22 05:00:00,Injustice Gods Among Us,herois,NetherRealm,Xbox,89.9,2,114,False
1556,2026-04-22 00:00:00,Tekken 8,3D,Namco,PC,225.79,1,142,False
1557,2026-04-22 10:00:00,Mortal Kombat 1,violento,NetherRealm,Playstation,249.9,1,111,False
1558,2026-04-22 02:00:00,Injustice 2,herois,NetherRealm,PC,163.5,2,120,False
1559,2026-04-22 07:00:00,Street Fighter IV,arcade,Capcom,Playstation,97.3,2,121,True
1560,2026-04-23 17:00:00,Street Fighter VI,arcade,Capcom,PC,321.86,1,136,True
1561,2026-04-23 05:00:00,Injustice Gods Among Us,herois,NetherRealm,Xbox,89.9,2,118,False
1562,2026-04-23 02:00:00,Street Fighter IV,arcade,Capcom,PC,97.3,1,107,True
1563,2026-04-23 19:00:00,Street Fighter VI,arcade,Capcom,Xbox,321.86,2,146,True
1564,2026-04-23 21:00:00,Mortal Kombat 1,violento,NetherRealm,PC,349.86,1,107,True
1565,2026-04-24 20:00:00,Marvel vs Capcom Infinite,herois,Capcom,Playstation,199.99,1,143,False
1566,2026-04-24 21:00:00,Street Fighter IV,arcade,Capcom,Playstation,97.3,2,124,True
1567,2026-04-24 00:00:00,Tekken 7,3D,Namco,Playstation,245.41,1,103,True
1568,2026-04-24 20:00:00,Marvel vs Capcom Infinite,herois,Capcom,PC,279.99,1,131,True
1569,2026-04-24 10:00:00,Tekken 7,3D,Namco,Playstation,175.29,1,122,False
1570,2026-04-25 03:00:00,Injustice 2,herois,NetherRealm,PC,228.9,2,133,True
1571,2026-04-25 06:00:00,Tekken 8,3D,Namco,PC,316.11,1,127,True
1572,2026-04-25 19:00:00,Marvel vs Capcom 3,herois,Capcom,Xbox,139.99,1,109,True
1573,2026-04-25 07:00:00,Mortal Kombat 1,violento,NetherRealm,PC,349.86,1,147,True
1574,2026-04-25 14:00:00,Mortal Kombat X,violento,NetherRealm,Xbox,139.86,1,104,True
1575,2026-04-26 15:00:00,Injustice Gods Among Us,herois,NetherRealm,PC,89.9,2,147,False
1576,2026-04-26 11:00:00,Tekken 8,3D,Namco,Playstation,225.79,2,116,False
1577,2026-04-26 05:00:00,Marvel vs Capcom 3,herois,Capcom,PC,139.99,1,147,True
1578,2026-04-26 12:00:00,Street Fighter V,arcade,Capcom,Xbox,181.58,1,111,True
1579,2026-04-26 14:00:00,Tekken 8,3D,Namco,Playstation,316.11,1,123,True
1580,2026-04-27 12:00:00,Tekken 8,3D,Namco,Xbox,316.11,2,144,True
1581,2026-04-27 05:00:00,Tekken 7,3D,Namco,Playstation,245.41,2,118,True
1582,2026-04-27 13:00:00,Mortal Kombat 1,violento,NetherRealm,PC,349.86,1,134,True
1583,2026-04-27 12:00:00,Marvel vs Capcom Infinite,herois,Capcom,PC,279.99,2,106,True
1584,2026-04-27 22:00:00,Street Fighter IV,arcade,Capcom,PC,69.5,2,100,False
1585,2026-04-28 07:00:00,Tekken 7,3D,Namco,PC,175.29,2,126,False
1586,2026-04-28 00:00:00,Marvel vs Capcom Infinite,herois,Capcom,PC,279.99,1,140,True
1587,2026-04-28 23:00:00,Mortal Kombat X,violento,NetherRealm,Playstation,139.86,1,137,True
1588,2026-04-28 15:00:00,Tekken 7,3D,Namco,PC,175.29,2,141,False
1589,2026-04-28 21:00:00,Street Fighter IV,arcade,Capcom,PC,97.3,2,144,True
1590,2026-04-29 21:00:00,Marvel vs Capcom 3,herois,Capcom,PC,99.99,2,148,False
1591,2026-04-29 10:00:00,Tekken 8,3D,Namco,PC,316.11,1,107,True
1592,2026-04-29 04:00:00,Street Fighter IV,arcade,Capcom,Xbox,69.5,2,149,False
1593,2026-04-29 00:00:00,Tekken 8,3D,Namco,Xbox,225.79,1,135,False
1594,2026-04-29 21:00:00,Tekken 8,3D,Namco,Xbox,316.11,2,135,True
1595,2026-04-30 20:00:00,Street Fighter V,arcade,Capcom,PC,181.58,1,143,True
1596,2026-04-30 14:00:00,Mortal Kombat 1,violento,NetherRealm,Playstation,349.86,1,129,True
1597,2026-04-30 08:00:00,Marvel vs Capcom Infinite,herois,Capcom,Playstation,199.99,1,135,False
1598,2026-04-30 22:00:00,Marvel vs Capcom 3,herois,Capcom,Xbox,139.99,1,141,True
1599,2026-04-30 17:00:00,Street Fighter V,arcade,Capcom,PC,181.58,1,122,True
1600,2026-05-01 23:00:00,Tekken 7,3D,Namco,Xbox,245.41,1,108,True
1601,2026-05-01 17:00:00,Street Fighter V,arcade,Capcom,PC,181.58,1,131,True
1602,2026-05-01 06:00:00,Injustice 2,herois,NetherRealm,Xbox,163.5,1,145,False
1603,2026-05-01 14:00:00,Street Fighter IV,arcade,Capcom,Xbox,97.3,2,135,True
1604,2026-05-01 09:00:00,Mortal Kombat 11,violento,NetherRealm,Xbox,279.86,2,134,True
1605,2026-05-02 11:00:00,Mortal Kombat 11,violento,NetherRealm,PC,279.86,1,104,True
1606,2026-05-02 07:00:00,Injustice 2,herois,NetherRealm,Xbox,163.5,2,108,False
1607,2026-05-02 04:00:00,Marvel vs Capcom 3,herois,Capcom,PC,99.99,1,120,False
1608,2026-05-02 03:00:00,Mortal Kombat 11,violento,NetherRealm,Playstation,199.9,1,149,False
1609,2026-05-02 22:00:00,Mortal Kombat X,violento,NetherRealm,Xbox,99.9,1,150,False
1610,2026-05-03 01:00:00,Injustice 2,herois,NetherRealm,Xbox,228.9,1,115,True
1611,2026-05-03 02:00:00,Marvel vs Capcom Infinite,herois,Capcom,Xbox,279.99,1,143,True
1612,2026-05-03 14:00:00,Tekken 8,3D,Namco,Playstation,225.79,1,129,False
1613,2026-05-03 04:00:00,Injustice Gods Among Us,herois,NetherRealm,Xbox,89.9,2,141,False
1614,2026-05-03 03:00:00,Mortal Kombat 11,violento,NetherRealm,Xbox,199.9,2,127,False
1615,2026-05-04 14:00:00,Street Fighter V,arcade,Capcom,PC,181.58,2,138,True
1616,2026-05-04 02:00:00,Mortal Kombat 1,violento,NetherRealm,Playstation,349.86,1,131,True
1617,2026-05-04 06:00:00,Mortal Kombat 11,violento,NetherRealm,Xbox,279.86,2,135,True
1618,2026-05-04 00:00:00,Street Fighter VI,arcade,Capcom,PC,229.9,1,112,False
1619,2026-05-04 03:00:00,Street Fighter V,arcade,Capcom,Playstation,181.58,1,114,True
1620,2026-05-05 07:00:00,Injustice 2,herois,NetherRealm,PC,228.9,2,114,True
1621,2026-05-05 20:00:00,Tekken 8,3D,Namco,Xbox,225.79,2,137,False
1622,2026-05-05 17:00:00,Street Fighter IV,arcade,Capcom,Xbox,69.5,2,150,False
1623,2026-05-05 00:00:00,Injustice Gods Among Us,herois,NetherRealm,Playstation,89.9,2,143,False
1624,2026-05-05 00:00:00,Tekken 7,3D,Namco,Playstation,175.29,1,124,False
1625,2026-05-06 03:00:00,Injustice 2,herois,NetherRealm,Xbox,228.9,2,104,True
1626,2026-05-06 09:00:00,Tekken 7,3D,Namco,Playstation,245.41,2,120,True
1627,2026-05-06 09:00:00,Marvel vs Capcom Infinite,herois,Capcom,Xbox,279.99,2,129,True
1628,2026-05-06 21:00:00,Street Fighter VI,arcade,Capcom,Playstation,229.9,1,138,False
1629,2026-05-06 12:00:00,Tekken 7,3D,Namco,Xbox,245.41,1,137,True
1630,2026-05-07 22:00:00,Mortal Kombat 1,violento,NetherRealm,Xbox,349.86,1,112,True
1631,2026-05-07 08:00:00,Tekken 7,3D,Namco,Playstation,175.29,1,107,False
1632,2026-05-07 01:00:00,Marvel vs Capcom 3,herois,Capcom,Xbox,99.99,1,119,False
1633,2026-05-07 10:00:00,Injustice 2,herois,NetherRealm,Playstation,163.5,1,125,False
1634,2026-05-07 14:00:00,Street Fighter IV,arcade,Capcom,PC,97.3,2,136,True
1635,2026-05-08 16:00:00,Marvel vs Capcom Infinite,herois,Capcom,Playstation,199.99,1,141,False
1636,2026-05-08 17:00:00,Mortal Kombat 1,violento,NetherRealm,PC,249.9,1,136,False
1637,2026-05-08 03:00:00,Tekken 7,3D,Namco,Xbox,175.29,1,143,False
1638,2026-05-08 06:00:00,Mortal Kombat 11,violento,NetherRealm,Playstation,279.86,1,140,True
1639,2026-05-08 01:00:00,Injustice Gods Among Us,herois,NetherRealm,Xbox,125.86,1,109,True
1640,2026-05-09 14:00:00,Street Fighter V,arcade,Capcom,PC,181.58,1,100,True
1641,2026-05-09 12:00:00,Injustice 2,herois,NetherRealm,PC,163.5,2,123,False
1642,2026-05-09 13:00:00,Marvel vs Capcom Infinite,herois,Capcom,Playstation,279.99,2,143,True
1643,2026-05-09 02:00:00,Tekken 7,3D,Namco,Playstation,245.41,2,117,True
1644,2026-05-09 23:00:00,Marvel vs Capcom 3,herois,Capcom,Xbox,139.99,1,114,True
1645,2026-05-10 20:00:00,Tekken 7,3D,Namco,PC,245.41,1,133,True
1646,2026-05-10 20:00:00,Marvel vs Capcom Infinite,herois,Capcom,PC,199.99,1,128,False
1647,2026-05-10 22:00:00,Mortal Kombat 1,violento,NetherRealm,PC,249.9,2,130,False
1648,2026-05-10 01:00:00,Marvel vs Capcom Infinite,herois,Capcom,Playstation,199.99,1,131,False
1649,2026-05-10 20:00:00,Marvel vs Capcom 3,herois,Capcom,PC,139.99,1,134,True
1650,2026-05-11 03:00:00,Mortal Kombat 11,violento,NetherRealm,Xbox,279.86,1,148,True
1651,2026-05-11 11:00:00,Mortal Kombat 11,violento,NetherRealm,Xbox,279.86,2,122,True
1652,2026-05-11 04:00:00,Marvel vs Capcom 3,herois,Capcom,PC,139.99,2,130,True
1653,2026-05-11 21:00:00,Marvel vs Capcom 3,herois,Capcom,Playstation,139.99,1,102,True
1654,2026-05-11 10:00:00,Marvel vs Capcom 3,herois,Capcom,PC,99.99,1,137,False
1655,2026-05-12 07:00:00,Mortal Kombat 11,violento,NetherRealm,Playstation,279.86,1,126,True
1656,2026-05-12 20:00:00,Street Fighter V,arcade,Capcom,Playstation,129.7,2,131,False
1657,2026-05-12 00:00:00,Marvel vs Capcom Infinite,herois,Capcom,Playstation,199.99,1,140,False
1658,2026-05-12 21:00:00,Marvel vs Capcom Infinite,herois,Capcom,PC,199.99,1,144,False
1659,2026-05-12 20:00:00,Mortal Kombat X,violento,NetherRealm,Xbox,139.86,1,109,True
1660,2026-05-13 07:00:00,Marvel vs Capcom Infinite,herois,Capcom,Playstation,279.99,1,140,True
1661,2026-05-13 21:00:00,Street Fighter V,arcade,Capcom,PC,181.58,2,133,True
1662,2026-05-13 19:00:00,Marvel vs Capcom 3,herois,Capcom,PC,99.99,2,122,False
1663,2026-05-13 18:00:00,Tekken 8,3D,Namco,PC,316.11,2,131,True
1664,2026-05-13 01:00:00,Street Fighter IV,arcade,Capcom,Playstation,69.5,1,147,False
1665,2026-05-14 17:00:00,Mortal Kombat X,violento,NetherRealm,PC,139.86,2,130,True
1666,2026-05-14 12:00:00,Mortal Kombat X,violento,NetherRealm,Playstation,99.9,2,143,False
1667,2026-05-14 22:00:00,Street Fighter V,arcade,Capcom,PC,181.58,2,106,True
1668,2026-05-14 00:00:00,Tekken 7,3D,Namco,Playstation,245.41,1,145,True
1669,2026-05-14 09:00:00,Injustice 2,herois,NetherRealm,Xbox,163.5,2,138,False
1670,2026-05-15 02:00:00,Marvel vs Capcom Infinite,herois,Capcom,Playstation,279.99,2,149,True
1671,2026-05-15 06:00:00,Marvel vs Capcom 3,herois,Capcom,Xbox,139.99,1,122,True
1672,2026-05-15 05:00:00,Mortal Kombat X,violento,NetherRealm,PC,139.86,2,105,True
1673,2026-05-15 02:00:00,Mortal Kombat 1,violento,NetherRealm,Playstation,249.9,2,138,False
1674,2026-05-15 09:00:00,Mortal Kombat 1,violento,NetherRealm,PC,249.9,1,113,False
1675,2026-05-16 17:00:00,Tekken 8,3D,Namco,Xbox,225.79,1,129,False
1676,2026-05-16 09:00:00,Injustice Gods Among Us,herois,NetherRealm,PC,125.86,2,120,True
1677,2026-05-16 11:00:00,Injustice 2,herois,NetherRealm,PC,228.9,2,127,True
1678,2026-05-16 17:00:00,Injustice Gods Among Us,herois,NetherRealm,Xbox,89.9,2,101,False
1679,2026-05-16 19:00:00,Mortal Kombat 1,violento,NetherRealm,Playstation,249.9,2,105,False
1680,2026-05-17 21:00:00,Mortal Kombat X,violento,NetherRealm,Playstation,139.86,1,107,True
1681,2026-05-17 15:00:00,Mortal Kombat 11,violento,NetherRealm,Playstation,279.86,2,116,True
1682,2026-05-17 03:00:00,Marvel vs Capcom Infinite,herois,Capcom,Xbox,199.99,1,110,False
1683,2026-05-17 09:00:00,Tekken 7,3D,Namco,Xbox,245.41,2,139,True
1684,2026-05-17 23:00:00,Street Fighter V,arcade,Capcom,PC,129.7,1,103,False
1685,2026-05-18 01:00:00,Street Fighter VI,arcade,Capcom,Playstation,321.86,2,131,True
1686,2026-05-18 23:00:00,Marvel vs Capcom Infinite,herois,Capcom,PC,199.99,1,145,False
1687,2026-05-18 17:00:00,Tekken 8,3D,Namco,PC,316.11,1,137,True
1688,2026-05-18 16:00:00,Mortal Kombat X,violento,NetherRealm,PC,139.86,1,118,True
1689,2026-05-18 00:00:00,Injustice 2,herois,NetherRealm,PC,163.5,1,128,False
1690,2026-05-19 17:00:00,Street Fighter IV,arcade,Capcom,PC,97.3,1,106,True
1691,2026-05-19 10:00:00,Street Fighter V,arcade,Capcom,PC,181.58,1,133,True
1692,2026-05-19 00:00:00,Marvel vs Capcom Infinite,herois,Capcom,Playstation,199.99,1,138,False
1693,2026-05-19 12:00:00,Mortal Kombat 1,violento,NetherRealm,Playstation,349.86,2,110,True
1694,2026-05-19 11:00:00,Injustice 2,herois,NetherRealm,PC,163.5,1,101,False
1695,2026-05-20 10:00:00,Marvel vs Capcom 3,herois,Capcom,Xbox,99.99,2,113,False
1696,2026-05-20 12:00:00,Mortal Kombat X,violento,NetherRealm,PC,99.9,2,120,False
1697,2026-05-20 19:00:00,Marvel vs Capcom 3,herois,Capcom,Playstation,99.99,1,132,False
1698,2026-05-20 09:00:00,Street Fighter V,arcade,Capcom,Playstation,181.58,1,150,True
1699,2026-05-20 23:00:00,Mortal Kombat 11,violento,NetherRealm,Playstation,279.86,1,136,True
1700,2026-05-21 02:00:00,Mortal Kombat 1,violento,NetherRealm,PC,249.9,1,101,False
1701,2026-05-21 14:00:00,Mortal Kombat X,violento,NetherRealm,Xbox,139.86,1,107,True
1702,2026-05-21 23:00:00,Injustice Gods Among Us,herois,NetherRealm,Xbox,89.9,2,137,False
1703,2026-05-21 10:00:00,Marvel vs Capcom 3,herois,Capcom,Playstation,99.99,1,127,False
1704,2026-05-21 14:00:00,Marvel vs Capcom 3,herois,Capcom,Xbox,139.99,1,115,True
1705,2026-05-22 19:00:00,Street Fighter VI,arcade,Capcom,Playstation,321.86,1,131,True
1706,2026-05-22 18:00:00,Marvel vs Capcom Infinite,herois,Capcom,Playstation,279.99,2,142,True
1707,2026-05-22 07:00:00,Street Fighter VI,arcade,Capcom,Playstation,229.9,1,106,False
1708,2026-05-22 09:00:00,Marvel vs Capcom Infinite,herois,Capcom,Xbox,199.99,1,100,False
1709,2026-05-22 01:00:00,Injustice 2,herois,NetherRealm,Xbox,163.5,1,104,False
1710,2026-05-23 09:00:00,Injustice Gods Among Us,herois,NetherRealm,Playstation,89.9,1,109,False
1711,2026-05-23 14:00:00,Marvel vs Capcom 3,herois,Capcom,PC,99.99,2,110,False
1712,2026-05-23 21:00:00,Tekken 7,3D,Namco,Playstation,245.41,1,107,True
1713,2026-05-23 20:00:00,Injustice 2,herois,NetherRealm,PC,163.5,1,109,False
1714,2026-05-23 02:00:00,Street Fighter IV,arcade,Capcom,Playstation,69.5,1,149,False
1715,2026-05-24 16:00:00,Tekken 7,3D,Namco,Xbox,175.29,1,113,False
1716,2026-05-24 09:00:00,Mortal Kombat X,violento,NetherRealm,PC,139.86,1,126,True
1717,2026-05-24 15:00:00,Mortal Kombat 11,violento,NetherRealm,PC,279.86,1,119,True
1718,2026-05-24 19:00:00,Injustice 2,herois,NetherRealm,PC,228.9,2,118,True
1719,2026-05-24 06:00:00,Tekken 8,3D,Namco,Playstation,225.79,2,144,False
1720,2026-05-25 08:00:00,Tekken 7,3D,Namco,Playstation,245.41,1,147,True
1721,2026-05-25 01:00:00,Mortal Kombat X,violento,NetherRealm,PC,139.86,2,102,True
1722,2026-05-25 22:00:00,Marvel vs Capcom 3,herois,Capcom,Playstation,99.99,1,112,False
1723,2026-05-25 01:00:00,Injustice 2,herois,NetherRealm,Playstation,228.9,2,120,True
1724,2026-05-25 07:00:00,Mortal Kombat X,violento,NetherRealm,Playstation,99.9,1,144,False
1725,2026-05-26 07:00:00,Marvel vs Capcom Infinite,herois,Capcom,Xbox,279.99,2,106,True
1726,2026-05-26 19:00:00,Injustice 2,herois,NetherRealm,Playstation,228.9,1,115,True
1727,2026-05-26 20:00:00,Mortal Kombat 1,violento,NetherRealm,Playstation,249.9,2,104,False
1728,2026-05-26 12:00:00,Injustice Gods Among Us,herois,NetherRealm,Xbox,125.86,1,137,True
1729,2026-05-26 11:00:00,Marvel vs Capcom Infinite,herois,Capcom,PC,279.99,2,145,True
1730,2026-05-27 08:00:00,Injustice Gods Among Us,herois,NetherRealm,Xbox,89.9,1,149,False
1731,2026-05-27 19:00:00,Mortal Kombat 11,violento,NetherRealm,Playstation,279.86,1,115,True
1732,2026-05-27 14:00:00,Marvel vs Capcom Infinite,herois,Capcom,Playstation,279.99,2,149,True
1733,2026-05-27 12:00:00,Mortal Kombat 1,violento,NetherRealm,Playstation,349.86,2,110,True
1734,2026-05-27 06:00:00,Marvel vs Capcom 3,herois,Capcom,Playstation,99.99,2,102,False
1735,2026-05-28 09:00:00,Mortal Kombat X,violento,NetherRealm,PC,99.9,2,138,False
1736,2026-05-28 22:00:00,Injustice 2,herois,NetherRealm,PC,228.9,2,129,True
1737,2026-05-28 00:00:00,Injustice Gods Among Us,herois,NetherRealm,Xbox,89.9,1,149,False
1738,2026-05-28 01:00:00,Street Fighter VI,arcade,Capcom,PC,229.9,1,108,False
1739,2026-05-28 17:00:00,Injustice Gods Among Us,herois,NetherRealm,PC,89.9,2,115,False
1740,2026-05-29 09:00:00,Street Fighter VI,arcade,Capcom,Playstation,229.9,1,116,False
1741,2026-05-29 10:00:00,Marvel vs Capcom 3,herois,Capcom,Xbox,99.99,2,127,False
1742,2026-05-29 21:00:00,Street Fighter IV,arcade,Capcom,Xbox,97.3,2,105,True
1743,2026-05-29 19:00:00,Mortal Kombat X,violento,NetherRealm,Xbox,139.86,1,143,True
1744,2026-05-29 01:00:00,Mortal Kombat 1,violento,NetherRealm,PC,349.86,2,128,True
1745,2026-05-30 14:00:00,Street Fighter VI,arcade,Capcom,Playstation,229.9,2,128,False
1746,2026-05-30 09:00:00,Mortal Kombat 1,violento,NetherRealm,Playstation,349.86,2,111,True
1747,2026-05-30 20:00:00,Injustice 2,herois,NetherRealm,PC,163.5,2,136,False
1748,2026-05-30 06:00:00,Mortal Kombat 11,violento,NetherRealm,Xbox,199.9,2,133,False
1749,2026-05-30 06:00:00,Tekken 7,3D,Namco,Xbox,245.41,1,111,True
1750,2026-05-31 09:00:00,Tekken 8,3D,Namco,PC,316.11,1,138,True
1751,2026-05-31 05:00:00,Tekken 7,3D,Namco,Playstation,245.41,1,143,True
1752,2026-05-31 14:00:00,Street Fighter VI,arcade,Capcom,Xbox,321.86,1,108,True
1753,2026-05-31 13:00:00,Injustice Gods Among Us,herois,NetherRealm,Xbox,89.9,2,124,False
1754,2026-05-31 01:00:00,Tekken 7,3D,Namco,Playstation,175.29,2,113,False
1755,2026-06-01 07:00:00,Mortal Kombat 11,violento,NetherRealm,PC,199.9,2,142,False
1756,2026-06-01 09:00:00,Marvel vs Capcom Infinite,herois,Capcom,Xbox,279.99,1,130,True
1757,2026-06-01 05:00:00,Injustice 2,herois,NetherRealm,Xbox,228.9,1,110,True
1758,2026-06-01 18:00:00,Marvel vs Capcom 3,herois,Capcom,PC,99.99,1,129,False
1759,2026-06-01 20:00:00,Marvel vs Capcom 3,herois,Capcom,Playstation,139.99,1,131,True
1760,2026-06-02 22:00:00,Mortal Kombat X,violento,NetherRealm,PC,99.9,2,116,False
1761,2026-06-02 21:00:00,Street Fighter IV,arcade,Capcom,Playstation,97.3,2,119,True
1762,2026-06-02 21:00:00,Mortal Kombat 1,violento,NetherRealm,PC,249.9,2,104,False
1763,2026-06-02 05:00:00,Tekken 8,3D,Namco,PC,225.79,1,131,False
1764,2026-06-02 14:00:00,Street Fighter VI,arcade,Capcom,Playstation,321.86,2,136,True
1765,2026-06-03 10:00:00,Injustice Gods Among Us,herois,NetherRealm,PC,89.9,2,124,False
1766,2026-06-03 13:00:00,Tekken 7,3D,Namco,Xbox,175.29,1,134,False
1767,2026-06-03 11:00:00,Tekken 8,3D,Namco,PC,225.79,1,127,False
1768,2026-06-03 06:00:00,Mortal Kombat 1,violento,NetherRealm,Playstation,349.86,2,118,True
1769,2026-06-03 09:00:00,Mortal Kombat 1,violento,NetherRealm,Playstation,349.86,1,142,True
1770,2026-06-04 14:00:00,Street Fighter V,arcade,Capcom,PC,129.7,2,143,False
1771,2026-06-04 16:00:00,Street Fighter V,arcade,Capcom,PC,129.7,1,131,False
1772,2026-06-04 19:00:00,Marvel vs Capcom 3,herois,Capcom,PC,139.99,2,109,True
1773,2026-06-04 03:00:00,Marvel vs Capcom Infinite,herois,Capcom,Xbox,279.99,2,149,True
1774,2026-06-04 08:00:00,Tekken 7,3D,Namco,Playstation,245.41,2,105,True
1775,2026-06-05 02:00:00,Tekken 8,3D,Namco,PC,316.11,2,121,True
1776,2026-06-05 00:00:00,Mortal Kombat 1,violento,NetherRealm,PC,249.9,2,142,False
1777,2026-06-05 16:00:00,Street Fighter V,arcade,Capcom,Xbox,129.7,1,138,False
1778,2026-06-05 19:00:00,Mortal Kombat X,violento,NetherRealm,PC,99.9,1,122,False
1779,2026-06-05 05:00:00,Injustice Gods Among Us,herois,NetherRealm,Playstation,125.86,2,150,True
1780,2026-06-06 08:00:00,Marvel vs Capcom Infinite,herois,Capcom,Playstation,279.99,1,136,True
1781,2026-06-06 23:00:00,Mortal Kombat 11,violento,NetherRealm,PC,279.86,2,124,True
1782,2026-06-06 00:00:00,Mortal Kombat 1,violento,NetherRealm,Playstation,349.86,2,116,True
1783,2026-06-06 03:00:00,Mortal Kombat X,violento,NetherRealm,PC,139.86,2,103,True
1784,2026-06-06 00:00:00,Marvel vs Capcom Infinite,herois,Capcom,Playstation,199.99,1,135,False
1785,2026-06-07 13:00:00,Marvel vs Capcom Infinite,herois,Capcom,PC,279.99,1,101,True
1786,2026-06-07 04:00:00,Street Fighter V,arcade,Capcom,Playstation,129.7,2,124,False
1787,2026-06-07 01:00:00,Tekken 7,3D,Namco,Xbox,175.29,1,113,False
1788,2026-06-07 10:00:00,Street Fighter IV,arcade,Capcom,PC,97.3,1,125,True
1789,2026-06-07 20:00:00,Tekken 8,3D,Namco,Playstation,316.11,1,125,True
1790,2026-06-08 05:00:00,Marvel vs Capcom Infinite,herois,Capcom,PC,199.99,2,143,False
1791,2026-06-08 07:00:00,Injustice 2,herois,NetherRealm,Playstation,163.5,1,128,False
1792,2026-06-08 11:00:00,Tekken 7,3D,Namco,Xbox,175.29,1,127,False
1793,2026-06-08 13:00:00,Marvel vs Capcom Infinite,herois,Capcom,Playstation,279.99,1,134,True
1794,2026-06-08 06:00:00,Tekken 7,3D,Namco,PC,245.41,1,138,True
1795,2026-06-09 11:00:00,Street Fighter VI,arcade,Capcom,Playstation,229.9,1,106,False
1796,2026-06-09 23:00:00,Injustice Gods Among Us,herois,NetherRealm,Xbox,125.86,2,127,True
1797,2026-06-09 00:00:00,Mortal Kombat X,violento,NetherRealm,Playstation,99.9,1,128,False
1798,2026-06-09 20:00:00,Injustice Gods Among Us,herois,NetherRealm,PC,89.9,1,114,False
1799,2026-06-09 18:00:00,Mortal Kombat 1,violento,NetherRealm,Playstation,349.86,2,115,True
1800,2026-06-10 10:00:00,Marvel vs Capcom Infinite,herois,Capcom,Playstation,279.99,2,138,True
1801,2026-06-10 00:00:00,Street Fighter IV,arcade,Capcom,PC,69.5,2,139,False
1802,2026-06-10 16:00:00,Injustice Gods Among Us,herois,NetherRealm,PC,125.86,1,111,True
1803,2026-06-10 09:00:00,Mortal Kombat 11,violento,NetherRealm,PC,279.86,2,133,True
1804,2026-06-10 14:00:00,Street Fighter V,arcade,Capcom,PC,129.7,1,140,False
1805,2026-06-11 08:00:00,Street Fighter V,arcade,Capcom,Playstation,181.58,1,126,True
1806,2026-06-11 12:00:00,Marvel vs Capcom 3,herois,Capcom,Xbox,99.99,1,117,False
1807,2026-06-11 22:00:00,Injustice 2,herois,NetherRealm,Xbox,163.5,2,127,False
1808,2026-06-11 13:00:00,Injustice Gods Among Us,herois,NetherRealm,PC,89.9,2,144,False
1809,2026-06-11 21:00:00,Mortal Kombat 1,violento,NetherRealm,PC,349.86,1,120,True
1810,2026-06-12 11:00:00,Injustice 2,herois,NetherRealm,PC,163.5,1,110,False
1811,2026-06-12 06:00:00,Tekken 7,3D,Namco,PC,245.41,1,109,True
1812,2026-06-12 23:00:00,Injustice Gods Among Us,herois,NetherRealm,Playstation,89.9,2,144,False
1813,2026-06-12 22:00:00,Mortal Kombat 11,violento,NetherRealm,PC,199.9,1,114,False
1814,2026-06-12 18:00:00,Tekken 7,3D,Namco,Playstation,175.29,2,142,False
1815,2026-06-13 10:00:00,Tekken 8,3D,Namco,PC,225.79,1,119,False
1816,2026-06-13 00:00:00,Mortal Kombat 11,violento,NetherRealm,PC,199.9,1,120,False
1817,2026-06-13 17:00:00,Tekken 7,3D,Namco,Playstation,245.41,2,129,True
1818,2026-06-13 03:00:00,Mortal Kombat 11,violento,NetherRealm,Playstation,199.9,1,139,False
1819,2026-06-13 03:00:00,Street Fighter IV,arcade,Capcom,Xbox,97.3,1,149,True
1820,2026-06-14 05:00:00,Marvel vs Capcom 3,herois,Capcom,Xbox,99.99,1,103,False
1821,2026-06-14 19:00:00,Tekken 7,3D,Namco,Playstation,245.41,2,131,True
1822,2026-06-14 00:00:00,Marvel vs Capcom Infinite,herois,Capcom,Xbox,199.99,1,136,False
1823,2026-06-14 06:00:00,Injustice 2,herois,NetherRealm,PC,228.9,2,133,True
1824,2026-06-14 22:00:00,Street Fighter IV,arcade,Capcom,Playstation,97.3,2,145,True
1825,2026-06-15 22:00:00,Street Fighter V,arcade,Capcom,Playstation,181.58,2,148,True
1826,2026-06-15 00:00:00,Mortal Kombat 11,violento,NetherRealm,PC,199.9,2,137,False
1827,2026-06-15 13:00:00,Mortal Kombat 1,violento,NetherRealm,Xbox,349.86,1,150,True
1828,2026-06-15 05:00:00,Mortal Kombat X,violento,NetherRealm,Playstation,139.86,2,100,True
1829,2026-06-15 17:00:00,Injustice 2,herois,NetherRealm,Playstation,163.5,2,135,False
1830,2026-06-16 03:00:00,Marvel vs Capcom Infinite,herois,Capcom,Xbox,279.99,1,135,True
1831,2026-06-16 07:00:00,Tekken 8,3D,Namco,Xbox,225.79,2,119,False
1832,2026-06-16 21:00:00,Marvel vs Capcom 3,herois,Capcom,PC,139.99,2,148,True
1833,2026-06-16 12:00:00,Street Fighter IV,arcade,Capcom,PC,97.3,2,114,True
1834,2026-06-16 15:00:00,Injustice Gods Among Us,herois,NetherRealm,Xbox,125.86,1,150,True
1835,2026-06-17 21:00:00,Mortal Kombat 11,violento,NetherRealm,PC,279.86,2,137,True
1836,2026-06-17 06:00:00,Street Fighter IV,arcade,Capcom,Xbox,97.3,2,115,True
1837,2026-06-17 09:00:00,Injustice 2,herois,NetherRealm,PC,163.5,1,131,False
1838,2026-06-17 03:00:00,Mortal Kombat 11,violento,NetherRealm,PC,199.9,1,111,False
1839,2026-06-17 01:00:00,Marvel vs Capcom Infinite,herois,Capcom,PC,279.99,2,123,True
1840,2026-06-18 01:00:00,Street Fighter IV,arcade,Capcom,PC,69.5,2,114,False
1841,2026-06-18 01:00:00,Tekken 7,3D,Namco,PC,245.41,2,150,True
1842,2026-06-18 21:00:00,Marvel vs Capcom 3,herois,Capcom,Xbox,139.99,2,135,True
1843,2026-06-18 06:00:00,Mortal Kombat 1,violento,NetherRealm,Xbox,349.86,2,116,True
1844,2026-06-18 06:00:00,Tekken 7,3D,Namco,Playstation,175.29,1,139,False
1845,2026-06-19 03:00:00,Street Fighter V,arcade,Capcom,Xbox,129.7,2,130,False
1846,2026-06-19 14:00:00,Mortal Kombat X,violento,NetherRealm,Playstation,139.86,2,105,True
1847,2026-06-19 20:00:00,Mortal Kombat 1,violento,NetherRealm,Playstation,349.86,2,108,True
1848,2026-06-19 07:00:00,Mortal Kombat 1,violento,NetherRealm,PC,249.9,1,130,False
1849,2026-06-19 12:00:00,Street Fighter IV,arcade,Capcom,PC,69.5,1,120,False
1850,2026-06-20 20:00:00,Street Fighter IV,arcade,Capcom,Playstation,97.3,1,108,True
1851,2026-06-20 12:00:00,Tekken 7,3D,Namco,PC,245.41,1,125,True
1852,2026-06-20 12:00:00,Tekken 8,3D,Namco,Playstation,316.11,1,145,True
1853,2026-06-20 23:00:00,Street Fighter VI,arcade,Capcom,Xbox,229.9,2,134,False
1854,2026-06-20 05:00:00,Injustice Gods Among Us,herois,NetherRealm,PC,125.86,2,137,True
1855,2026-06-21 01:00:00,Mortal Kombat 11,violento,NetherRealm,Xbox,279.86,2,122,True
1856,2026-06-21 09:00:00,Street Fighter V,arcade,Capcom,Playstation,129.7,2,110,False
1857,2026-06-21 19:00:00,Street Fighter V,arcade,Capcom,PC,181.58,1,143,True
1858,2026-06-21 20:00:00,Mortal Kombat 11,violento,NetherRealm,Xbox,279.86,1,106,True
1859,2026-06-21 13:00:00,Injustice 2,herois,NetherRealm,Xbox,228.9,2,147,True
1860,2026-06-22 17:00:00,Mortal Kombat X,violento,NetherRealm,Xbox,139.86,1,113,True
1861,2026-06-22 00:00:00,Injustice Gods Among Us,herois,NetherRealm,Xbox,125.86,2,147,True
1862,2026-06-22 02:00:00,Street Fighter VI,arcade,Capcom,Xbox,321.86,1,132,True
1863,2026-06-22 01:00:00,Street Fighter IV,arcade,Capcom,Playstation,97.3,1,149,True
1864,2026-06-22 00:00:00,Street Fighter V,arcade,Capcom,Xbox,129.7,2,108,False
1865,2026-06-23 03:00:00,Tekken 7,3D,Namco,Playstation,175.29,1,133,False
1866,2026-06-23 03:00:00,Injustice Gods Among Us,herois,NetherRealm,Xbox,125.86,1,129,True
1867,2026-06-23 00:00:00,Injustice 2,herois,NetherRealm,Playstation,228.9,1,113,True
1868,2026-06-23 14:00:00,Tekken 7,3D,Namco,Playstation,175.29,2,138,False
1869,2026-06-23 06:00:00,Mortal Kombat 11,violento,NetherRealm,Xbox,199.9,1,142,False
1870,2026-06-24 02:00:00,Injustice Gods Among Us,herois,NetherRealm,Playstation,125.86,1,146,True
1871,2026-06-24 15:00:00,Injustice Gods Among Us,herois,NetherRealm,PC,125.86,2,138,True
1872,2026-06-24 09:00:00,Injustice Gods Among Us,herois,NetherRealm,Playstation,125.86,1,133,True
1873,2026-06-24 04:00:00,Injustice Gods Among Us,herois,NetherRealm,PC,125.86,1,139,True
1874,2026-06-24 18:00:00,Marvel vs Capcom 3,herois,Capcom,PC,99.99,1,111,False
1875,2026-06-25 18:00:00,Injustice 2,herois,NetherRealm,Playstation,163.5,1,146,False
1876,2026-06-25 21:00:00,Marvel vs Capcom Infinite,herois,Capcom,Xbox,199.99,1,142,False
1877,2026-06-25 23:00:00,Marvel vs Capcom Infinite,herois,Capcom,Xbox,279.99,1,104,True
1878,2026-06-25 21:00:00,Mortal Kombat 1,violento,NetherRealm,Xbox,249.9,1,149,False
1879,2026-06-25 04:00:00,Injustice Gods Among Us,herois,NetherRealm,Xbox,89.9,2,105,False
1880,2026-06-26 11:00:00,Marvel vs Capcom 3,herois,Capcom,Playstation,139.99,1,121,True
1881,2026-06-26 13:00:00,Injustice 2,herois,NetherRealm,PC,163.5,2,126,False
1882,2026-06-26 19:00:00,Mortal Kombat 1,violento,NetherRealm,Xbox,249.9,1,145,False
1883,2026-06-26 03:00:00,Marvel vs Capcom Infinite,herois,Capcom,Xbox,199.99,1,139,False
1884,2026-06-26 23:00:00,Marvel vs Capcom Infinite,herois,Capcom,PC,199.99,2,119,False
1885,2026-06-27 15:00:00,Street Fighter V,arcade,Capcom,PC,181.58,2,122,True
1886,2026-06-27 10:00:00,Tekken 7,3D,Namco,Playstation,175.29,2,135,False
1887,2026-06-27 06:00:00,Marvel vs Capcom Infinite,herois,Capcom,Xbox,199.99,2,116,False
1888,2026-06-27 12:00:00,Tekken 7,3D,Namco,PC,245.41,1,142,True
1889,2026-06-27 04:00:00,Street Fighter V,arcade,Capcom,Xbox,129.7,2,121,False
1890,2026-06-28 02:00:00,Injustice Gods Among Us,herois,NetherRealm,Xbox,89.9,1,134,False
1891,2026-06-28 00:00:00,Mortal Kombat 11,violento,NetherRealm,Xbox,199.9,1,112,False
1892,2026-06-28 23:00:00,Mortal Kombat 1,violento,NetherRealm,Xbox,349.86,2,142,True
1893,2026-06-28 08:00:00,Tekken 7,3D,Namco,Xbox,175.29,2,147,False
1894,2026-06-28 08:00:00,Injustice 2,herois,NetherRealm,Playstation,163.5,1,129,False
1895,2026-06-29 06:00:00,Street Fighter VI,arcade,Capcom,Playstation,229.9,1,128,False
1896,2026-06-29 17:00:00,Street Fighter V,arcade,Capcom,Playstation,129.7,1,112,False
1897,2026-06-29 21:00:00,Street Fighter V,arcade,Capcom,Xbox,181.58,2,112,True
1898,2026-06-29 16:00:00,Tekken 8,3D,Namco,PC,316.11,2,143,True
1899,2026-06-29 02:00:00,Street Fighter V,arcade,Capcom,Playstation,181.58,1,116,True
1900,2026-06-30 02:00:00,Street Fighter VI,arcade,Capcom,Xbox,321.86,2,147,True
1901,2026-06-30 00:00:00,Injustice 2,herois,NetherRealm,Playstation,228.9,1,139,True
1902,2026-06-30 20:00:00,Marvel vs Capcom Infinite,herois,Capcom,PC,279.99,1,133,True
1903,2026-06-30 22:00:00,Street Fighter VI,arcade,Capcom,Xbox,321.86,2,112,True
1904,2026-06-30 03:00:00,Street Fighter IV,arcade,Capcom,Xbox,97.3,1,117,True
1905,2026-07-01 05:00:00,Mortal Kombat 11,violento,NetherRealm,Playstation,199.9,2,131,False
1906,2026-07-01 03:00:00,Mortal Kombat X,violento,NetherRealm,Xbox,139.86,1,124,True
1907,2026-07-01 12:00:00,Marvel vs Capcom 3,herois,Capcom,Xbox,99.99,1,143,False
1908,2026-07-01 08:00:00,Street Fighter V,arcade,Capcom,PC,181.58,2,138,True
1909,2026-07-01 09:00:00,Street Fighter VI,arcade,Capcom,Xbox,321.86,1,100,True
1910,2026-07-02 03:00:00,Mortal Kombat 1,violento,NetherRealm,PC,349.86,1,142,True
1911,2026-07-02 07:00:00,Street Fighter VI,arcade,Capcom,PC,229.9,2,139,False
1912,2026-07-02 04:00:00,Mortal Kombat 11,violento,NetherRealm,Playstation,199.9,1,133,False
1913,2026-07-02 12:00:00,Injustice Gods Among Us,herois,NetherRealm,PC,89.9,1,143,False
1914,2026-07-02 10:00:00,Mortal Kombat 11,violento,NetherRealm,Playstation,199.9,1,122,False
1915,2026-07-03 10:00:00,Mortal Kombat X,violento,NetherRealm,Xbox,139.86,1,114,True
1916,2026-07-03 21:00:00,Mortal Kombat 1,violento,NetherRealm,Playstation,349.86,1,125,True
1917,2026-07-03 02:00:00,Injustice 2,herois,NetherRealm,Playstation,163.5,1,148,False
1918,2026-07-03 13:00:00,Mortal Kombat 11,violento,NetherRealm,PC,279.86,2,104,True
1919,2026-07-03 05:00:00,Street Fighter VI,arcade,Capcom,PC,321.86,1,139,True
1920,2026-07-04 18:00:00,Mortal Kombat X,violento,NetherRealm,Xbox,139.86,1,131,True
1921,2026-07-04 03:00:00,Mortal Kombat 1,violento,NetherRealm,PC,249.9,1,143,False
1922,2026-07-04 18:00:00,Marvel vs Capcom Infinite,herois,Capcom,Xbox,279.99,1,137,True
1923,2026-07-04 00:00:00,Mortal Kombat X,violento,NetherRealm,Playstation,99.9,1,149,False
1924,2026-07-04 18:00:00,Mortal Kombat 1,violento,NetherRealm,PC,349.86,1,137,True
1925,2026-07-05 22:00:00,Street Fighter IV,arcade,Capcom,PC,69.5,2,124,False
1926,2026-07-05 18:00:00,Street Fighter V,arcade,Capcom,PC,129.7,2,119,False
1927,2026-07-05 18:00:00,Marvel vs Capcom 3,herois,Capcom,Playstation,139.99,1,101,True
1928,2026-07-05 23:00:00,Injustice 2,herois,NetherRealm,Xbox,163.5,1,114,False
1929,2026-07-05 15:00:00,Marvel vs Capcom 3,herois,Capcom,PC,139.99,2,119,True
1930,2026-07-06 03:00:00,Tekken 7,3D,Namco,PC,245.41,2,122,True
1931,2026-07-06 05:00:00,Street Fighter VI,arcade,Capcom,PC,321.86,1,103,True
1932,2026-07-06 16:00:00,Injustice Gods Among Us,herois,NetherRealm,Playstation,125.86,2,121,True
1933,2026-07-06 06:00:00,Mortal Kombat X,violento,NetherRealm,Xbox,99.9,2,101,False
1934,2026-07-06 02:00:00,Street Fighter IV,arcade,Capcom,Xbox,69.5,2,135,False
1935,2026-07-07 15:00:00,Street Fighter VI,arcade,Capcom,PC,321.86,1,101,True
1936,2026-07-07 07:00:00,Marvel vs Capcom 3,herois,Capcom,Xbox,139.99,1,113,True
1937,2026-07-07 21:00:00,Tekken 8,3D,Namco,Playstation,316.11,1,122,True
1938,2026-07-07 20:00:00,Street Fighter IV,arcade,Capcom,Playstation,97.3,2,141,True
1939,2026-07-07 02:00:00,Mortal Kombat 1,violento,NetherRealm,Xbox,249.9,1,137,False
1940,2026-07-08 09:00:00,Marvel vs Capcom 3,herois,Capcom,PC,139.99,1,115,True
1941,2026-07-08 04:00:00,Mortal Kombat X,violento,NetherRealm,PC,99.9,1,109,False
1942,2026-07-08 15:00:00,Injustice Gods Among Us,herois,NetherRealm,Playstation,89.9,1,116,False
1943,2026-07-08 08:00:00,Street Fighter V,arcade,Capcom,Playstation,181.58,2,139,True
1944,2026-07-08 04:00:00,Street Fighter VI,arcade,Capcom,Xbox,229.9,2,122,False
1945,2026-07-09 06:00:00,Street Fighter V,arcade,Capcom,Xbox,181.58,1,135,True
1946,2026-07-09 15:00:00,Street Fighter V,arcade,Capcom,PC,129.7,1,126,False
1947,2026-07-09 12:00:00,Tekken 8,3D,Namco,PC,316.11,2,136,True
1948,2026-07-09 09:00:00,Marvel vs Capcom 3,herois,Capcom,PC,139.99,1,138,True
1949,2026-07-09 10:00:00,Street Fighter IV,arcade,Capcom,Xbox,97.3,1,116,True
1950,2026-07-10 23:00:00,Marvel vs Capcom 3,herois,Capcom,PC,99.99,2,150,False
1951,2026-07-10 02:00:00,Mortal Kombat 1,violento,NetherRealm,Xbox,349.86,1,124,True
1952,2026-07-10 02:00:00,Tekken 8,3D,Namco,Xbox,225.79,1,116,False
1953,2026-07-10 05:00:00,Street Fighter V,arcade,Capcom,Xbox,129.7,2,108,False
1954,2026-07-10 07:00:00,Street Fighter VI,arcade,Capcom,Xbox,229.9,1,127,False
1955,2026-07-11 12:00:00,Tekken 8,3D,Namco,PC,316.11,1,132,True
1956,2026-07-11 11:00:00,Tekken 8,3D,Namco,Playstation,316.11,1,137,True
1957,2026-07-11 11:00:00,Tekken 8,3D,Namco,Playstation,225.79,2,132,False
1958,2026-07-11 12:00:00,Tekken 8,3D,Namco,PC,225.79,1,122,False
1959,2026-07-11 07:00:00,Tekken 7,3D,Namco,PC,245.41,1,102,True
1960,2026-07-12 20:00:00,Injustice 2,herois,NetherRealm,Playstation,163.5,1,123,False
1961,2026-07-12 11:00:00,Tekken 7,3D,Namco,Xbox,175.29,1,122,False
1962,2026-07-12 08:00:00,Injustice 2,herois,NetherRealm,PC,228.9,2,104,True
1963,2026-07-12 05:00:00,Injustice Gods Among Us,herois,NetherRealm,PC,125.86,1,130,True
1964,2026-07-12 10:00:00,Injustice Gods Among Us,herois,NetherRealm,PC,125.86,2,146,True
1965,2026-07-13 11:00:00,Marvel vs Capcom Infinite,herois,Capcom,Xbox,199.99,2,136,False
1966,2026-07-13 15:00:00,Street Fighter VI,arcade,Capcom,PC,229.9,1,112,False
1967,2026-07-13 16:00:00,Mortal Kombat 1,violento,NetherRealm,Playstation,249.9,2,133,False
1968,2026-07-13 04:00:00,Street Fighter V,arcade,Capcom,Playstation,181.58,2,113,True
1969,2026-07-13 08:00:00,Mortal Kombat 1,violento,NetherRealm,PC,349.86,2,116,True
1970,2026-07-14 06:00:00,Street Fighter V,arcade,Capcom,Playstation,129.7,2,141,False
1971,2026-07-14 22:00:00,Mortal Kombat 1,violento,NetherRealm,Xbox,349.86,1,117,True
1972,2026-07-14 13:00:00,Street Fighter VI,arcade,Capcom,PC,321.86,2,143,True
1973,2026-07-14 01:00:00,Marvel vs Capcom 3,herois,Capcom,PC,139.99,1,107,True
1974,2026-07-14 02:00:00,Marvel vs Capcom 3,herois,Capcom,PC,99.99,2,112,False
1975,2026-07-15 14:00:00,Tekken 7,3D,Namco,Playstation,175.29,1,105,False
1976,2026-07-15 13:00:00,Mortal Kombat 1,violento,NetherRealm,Playstation,249.9,1,116,False
1977,2026-07-15 21:00:00,Marvel vs Capcom 3,herois,Capcom,PC,99.99,1,135,False
1978,2026-07-15 10:00:00,Marvel vs Capcom 3,herois,Capcom,Playstation,99.99,1,121,False
1979,2026-07-15 20:00:00,Mortal Kombat 11,violento,NetherRealm,Xbox,279.86,2,123,True
1980,2026-07-16 20:00:00,Injustice Gods Among Us,herois,NetherRealm,PC,89.9,2,128,False
1981,2026-07-16 00:00:00,Street Fighter IV,arcade,Capcom,Playstation,69.5,2,118,False
1982,2026-07-16 12:00:00,Marvel vs Capcom 3,herois,Capcom,Xbox,99.99,1,150,False
1983,2026-07-16 19:00:00,Injustice 2,herois,NetherRealm,PC,228.9,1,145,True
1984,2026-07-16 23:00:00,Tekken 7,3D,Namco,Xbox,175.29,2,133,False
1985,2026-07-17 06:00:00,Mortal Kombat X,violento,NetherRealm,Playstation,139.86,1,124,True
1986,2026-07-17 18:00:00,Injustice Gods Among Us,herois,NetherRealm,PC,89.9,1,127,False
1987,2026-07-17 20:00:00,Mortal Kombat 1,violento,NetherRealm,Xbox,249.9,2,126,False
1988,2026-07-17 15:00:00,Mortal Kombat 1,violento,NetherRealm,Xbox,349.86,2,129,True
1989,2026-07-17 11:00:00,Street Fighter IV,arcade,Capcom,PC,69.5,2,137,False
1990,2026-07-18 11:00:00,Street Fighter VI,arcade,Capcom,Xbox,229.9,1,108,False
1991,2026-07-18 01:00:00,Mortal Kombat X,violento,NetherRealm,Playstation,99.9,1,130,False
1992,2026-07-18 05:00:00,Tekken 8,3D,Namco,Playstation,316.11,1,124,True
1993,2026-07-18 19:00:00,Tekken 7,3D,Namco,Playstation,175.29,2,129,False
1994,2026-07-18 05:00:00,Mortal Kombat 1,violento,NetherRealm,PC,349.86,2,112,True
1995,2026-07-19 18:00:00,Street Fighter VI,arcade,Capcom,Playstation,321.86,2,118,True
1996,2026-07-19 11:00:00,Injustice Gods Among Us,herois,NetherRealm,Xbox,89.9,2,123,False
1997,2026-07-19 02:00:00,Street Fighter V,arcade,Capcom,Xbox,181.58,1,115,True
1998,2026-07-19 15:00:00,Marvel vs Capcom Infinite,herois,Capcom,Playstation,199.99,2,130,False
1999,2026-07-19 01:00:00,Marvel vs Capcom 3,herois,Capcom,PC,139.99,2,135,True
